"","weeklyNewCasesPer100k","infectionRate","date","statename"
"1",0,0,2020-03-01,"AK"
"2",11.5,1.04,2020-04-01,"AK"
"3",3.4,0.68,2020-05-01,"AK"
"4",8.7,1.36,2020-06-01,"AK"
"5",33.9,1.23,2020-07-01,"AK"
"6",131.1,0.95,2020-08-01,"AK"
"7",66.7,1.01,2020-09-01,"AK"
"8",112.5,1.19,2020-10-01,"AK"
"9",359.4,1.16,2020-11-01,"AK"
"10",574.5,1.02,2020-12-01,"AK"
"11",284.7,0.96,2021-01-01,"AK"
"12",140.8,0.93,2021-02-01,"AK"
"13",124.8,0.99,2021-03-01,"AK"
"14",167.7,1.07,2021-04-01,"AK"
"15",139.7,0.85,2021-05-01,"AK"
"16",35.7,0.84,2021-06-01,"AK"
"17",35.2,1.19,2021-07-01,"AK"
"18",243.5,1.15,2021-08-01,"AK"
"19",524.8,1.08,2021-09-01,"AK"
"20",1090.7,0.97,2021-10-01,"AK"
"21",607.5,0.88,2021-11-01,"AK"
"22",251.1,0.85,2021-12-01,"AK"
"23",419.5,1.51,2022-01-01,"AK"
"24",2078.2,0.8,2022-02-01,"AK"
"25",312.4,0.76,2022-03-01,"AK"
"26",183.7,0.95,2022-04-01,"AK"
"27",201.1,1.02,2022-05-01,"AK"
"28",274.6,1.04,2022-06-01,"AK"
"29",416.1,1.05,2022-07-01,"AK"
"30",403.4,0.98,2022-08-01,"AK"
"31",188,0.85,2022-09-01,"AK"
"32",88.1,0.9,2022-10-01,"AK"
"33",50.4,0.91,2022-11-01,"AK"
"34",58.1,1.01,2022-12-01,"AK"
"35",48.2,1.06,2023-01-01,"AK"
"36",105.3,1.03,2023-02-01,"AK"
"37",64,0.9,2023-03-01,"AK"
"38",63.6,0.9,2023-04-01,"AK"
"39",0,0,2020-03-01,"AL"
"40",14.7,1.44,2020-04-01,"AL"
"41",25.9,1.08,2020-05-01,"AL"
"42",72.4,1.09,2020-06-01,"AL"
"43",140.7,1.18,2020-07-01,"AL"
"44",228.8,0.92,2020-08-01,"AL"
"45",211.6,0.96,2020-09-01,"AL"
"46",121,1.02,2020-10-01,"AL"
"47",0,1.08,2020-11-01,"AL"
"48",327,1.13,2020-12-01,"AL"
"49",475.6,1.01,2021-01-01,"AL"
"50",364.1,0.84,2021-02-01,"AL"
"51",127.4,0.86,2021-03-01,"AL"
"52",55.6,0.88,2021-04-01,"AL"
"53",49.2,0.97,2021-05-01,"AL"
"54",30.2,1.01,2021-06-01,"AL"
"55",30.1,1.25,2021-07-01,"AL"
"56",341.4,1.24,2021-08-01,"AL"
"57",639.2,1,2021-09-01,"AL"
"58",282.2,0.73,2021-10-01,"AL"
"59",72.9,0.88,2021-11-01,"AL"
"60",42.8,1.08,2021-12-01,"AL"
"61",713.7,1.48,2022-01-01,"AL"
"62",1226,0.69,2022-02-01,"AL"
"63",127,0.77,2022-03-01,"AL"
"64",60.4,0.85,2022-04-01,"AL"
"65",29.3,1.11,2022-05-01,"AL"
"66",110.6,1.21,2022-06-01,"AL"
"67",260.7,1.1,2022-07-01,"AL"
"68",346.9,0.92,2022-08-01,"AL"
"69",299.7,0.89,2022-09-01,"AL"
"70",86,0.83,2022-10-01,"AL"
"71",61.4,1.07,2022-11-01,"AL"
"72",90.1,1.18,2022-12-01,"AL"
"73",186.5,1.17,2023-01-01,"AL"
"74",149.2,1.03,2023-02-01,"AL"
"75",75.7,0.79,2023-03-01,"AL"
"76",45.7,1.16,2023-04-01,"AL"
"77",10.5,1.24,2020-04-01,"AR"
"78",16.6,0.88,2020-05-01,"AR"
"79",46.9,1.28,2020-06-01,"AR"
"80",126.6,1.06,2020-07-01,"AR"
"81",172,0.99,2020-08-01,"AR"
"82",136.6,1.05,2020-09-01,"AR"
"83",191.3,1.01,2020-10-01,"AR"
"84",230,1.11,2020-11-01,"AR"
"85",364.4,1.06,2020-12-01,"AR"
"86",536,1.07,2021-01-01,"AR"
"87",390.7,0.87,2021-02-01,"AR"
"88",136.5,0.86,2021-03-01,"AR"
"89",36.4,0.91,2021-04-01,"AR"
"90",43.9,1.02,2021-05-01,"AR"
"91",31,1.01,2021-06-01,"AR"
"92",103.8,1.28,2021-07-01,"AR"
"93",433.6,1.12,2021-08-01,"AR"
"94",481.6,0.94,2021-09-01,"AR"
"95",189.3,0.82,2021-10-01,"AR"
"96",97.6,0.99,2021-11-01,"AR"
"97",130.7,1.08,2021-12-01,"AR"
"98",684.3,1.5,2022-01-01,"AR"
"99",1046.2,0.65,2022-02-01,"AR"
"100",149.4,0.76,2022-03-01,"AR"
"101",21,0.51,2022-04-01,"AR"
"102",30.5,1.17,2022-05-01,"AR"
"103",71.3,1.18,2022-06-01,"AR"
"104",238.6,1.13,2022-07-01,"AR"
"105",273,0.91,2022-08-01,"AR"
"106",228.3,0.96,2022-09-01,"AR"
"107",76.5,0.82,2022-10-01,"AR"
"108",61.5,1.01,2022-11-01,"AR"
"109",94.3,1.18,2022-12-01,"AR"
"110",131.9,0.98,2023-01-01,"AR"
"111",55.9,0.92,2023-02-01,"AR"
"112",49,0.87,2023-03-01,"AR"
"113",22.4,1.11,2023-04-01,"AR"
"114",0,1,2020-02-01,"AZ"
"115",0,1.09,2020-03-01,"AZ"
"116",13.9,1.35,2020-04-01,"AZ"
"117",26.3,1.14,2020-05-01,"AZ"
"118",48.9,1.32,2020-06-01,"AZ"
"119",329,1.09,2020-07-01,"AZ"
"120",233.1,0.79,2020-08-01,"AZ"
"121",42.3,0.91,2020-09-01,"AZ"
"122",46.2,1.04,2020-10-01,"AZ"
"123",127.5,1.2,2020-11-01,"AZ"
"124",416.4,1.16,2020-12-01,"AZ"
"125",594.5,1.11,2021-01-01,"AZ"
"126",470.2,0.75,2021-02-01,"AZ"
"127",115,0.88,2021-03-01,"AZ"
"128",57.9,1.03,2021-04-01,"AZ"
"129",75.5,1,2021-05-01,"AZ"
"130",51.8,0.92,2021-06-01,"AZ"
"131",50.8,1.1,2021-07-01,"AZ"
"132",170,1.19,2021-08-01,"AZ"
"133",301.2,0.98,2021-09-01,"AZ"
"134",252.1,0.97,2021-10-01,"AZ"
"135",288.6,1.09,2021-11-01,"AZ"
"136",284.3,0.99,2021-12-01,"AZ"
"137",480.9,1.39,2022-01-01,"AZ"
"138",1331.8,0.67,2022-02-01,"AZ"
"139",128.6,0.65,2022-03-01,"AZ"
"140",50.6,1.01,2022-04-01,"AZ"
"141",44.5,1.17,2022-05-01,"AZ"
"142",179.2,1.13,2022-06-01,"AZ"
"143",241.3,1.04,2022-07-01,"AZ"
"144",215.2,0.94,2022-08-01,"AZ"
"145",109.2,0.81,2022-09-01,"AZ"
"146",48.3,0.91,2022-10-01,"AZ"
"147",69.8,1.11,2022-11-01,"AZ"
"148",184.3,1.05,2022-12-01,"AZ"
"149",77.9,0.92,2023-01-01,"AZ"
"150",42.4,0.96,2023-02-01,"AZ"
"151",41.9,1.2,2023-03-01,"AZ"
"152",47.1,1.06,2023-04-01,"AZ"
"153",0,1,2020-02-01,"CA"
"154",0.1,1.8,2020-03-01,"CA"
"155",16.9,1.34,2020-04-01,"CA"
"156",27.7,1.05,2020-05-01,"CA"
"157",47.1,1.09,2020-06-01,"CA"
"158",111,1.17,2020-07-01,"CA"
"159",142.2,0.95,2020-08-01,"CA"
"160",86.8,0.86,2020-09-01,"CA"
"161",57.3,0.98,2020-10-01,"CA"
"162",74.8,1.15,2020-11-01,"CA"
"163",255.3,1.25,2020-12-01,"CA"
"164",711.3,1.01,2021-01-01,"CA"
"165",325.8,0.75,2021-02-01,"CA"
"166",93,0.83,2021-03-01,"CA"
"167",46.2,1.01,2021-04-01,"CA"
"168",33.5,0.92,2021-05-01,"CA"
"169",17,0.92,2021-06-01,"CA"
"170",0,1.21,2021-07-01,"CA"
"171",153.7,1.18,2021-08-01,"CA"
"172",269.1,0.93,2021-09-01,"CA"
"173",132.6,0.91,2021-10-01,"CA"
"174",154.9,1.01,2021-11-01,"CA"
"175",76.4,1.1,2021-12-01,"CA"
"176",597.2,1.52,2022-01-01,"CA"
"177",1169.6,0.63,2022-02-01,"CA"
"178",150.5,0.73,2022-03-01,"CA"
"179",52,0.96,2022-04-01,"CA"
"180",111.5,1.15,2022-05-01,"CA"
"181",274.1,1.06,2022-06-01,"CA"
"182",333.1,1.04,2022-07-01,"CA"
"183",301.9,0.89,2022-08-01,"CA"
"184",180.9,0.84,2022-09-01,"CA"
"185",83.7,0.94,2022-10-01,"CA"
"186",54.7,1.03,2022-11-01,"CA"
"187",129.3,1.17,2022-12-01,"CA"
"188",136.5,0.89,2023-01-01,"CA"
"189",62.6,0.96,2023-02-01,"CA"
"190",64.7,0.97,2023-03-01,"CA"
"191",43.6,1.14,2023-04-01,"CA"
"192",0,0,2020-03-01,"CO"
"193",39.2,1.28,2020-04-01,"CO"
"194",54.6,1.02,2020-05-01,"CO"
"195",40.1,0.89,2020-06-01,"CO"
"196",32.5,1.15,2020-07-01,"CO"
"197",61,0.93,2020-08-01,"CO"
"198",33.7,0.98,2020-09-01,"CO"
"199",69.1,1.09,2020-10-01,"CO"
"200",258.7,1.28,2020-11-01,"CO"
"201",536.5,0.96,2020-12-01,"CO"
"202",261,0.98,2021-01-01,"CO"
"203",176.4,0.92,2021-02-01,"CO"
"204",0,0.99,2021-03-01,"CO"
"205",162.5,1.09,2021-04-01,"CO"
"206",215.7,0.95,2021-05-01,"CO"
"207",75.3,0.87,2021-06-01,"CO"
"208",48.5,1,2021-07-01,"CO"
"209",102.1,1.15,2021-08-01,"CO"
"210",200.8,1.08,2021-09-01,"CO"
"211",228.1,1.05,2021-10-01,"CO"
"212",339.1,1.08,2021-11-01,"CO"
"213",251.5,0.93,2021-12-01,"CO"
"214",766.8,1.38,2022-01-01,"CO"
"215",944.3,0.65,2022-02-01,"CO"
"216",171.8,0.82,2022-03-01,"CO"
"217",111,1.06,2022-04-01,"CO"
"218",150.7,0.99,2022-05-01,"CO"
"219",290.5,1.1,2022-06-01,"CO"
"220",306,0.96,2022-07-01,"CO"
"221",187.1,0.87,2022-08-01,"CO"
"222",0,0.93,2022-09-01,"CO"
"223",83.3,0.99,2022-10-01,"CO"
"224",90.2,1.09,2022-11-01,"CO"
"225",140.2,0.98,2022-12-01,"CO"
"226",75.8,0.87,2023-01-01,"CO"
"227",54.5,1.03,2023-02-01,"CO"
"228",56.1,0.96,2023-03-01,"CO"
"229",43.5,1.19,2023-04-01,"CO"
"230",0,0,2020-03-01,"CT"
"231",75.2,1.54,2020-04-01,"CT"
"232",135.8,0.86,2020-05-01,"CT"
"233",61.6,0.75,2020-06-01,"CT"
"234",18.5,0.93,2020-07-01,"CT"
"235",19.2,1.03,2020-08-01,"CT"
"236",27.1,1.04,2020-09-01,"CT"
"237",35.6,1.16,2020-10-01,"CT"
"238",155.9,1.25,2020-11-01,"CT"
"239",321.8,1.11,2020-12-01,"CT"
"240",366.2,1.08,2021-01-01,"CT"
"241",289.5,0.85,2021-02-01,"CT"
"242",204.5,0.95,2021-03-01,"CT"
"243",251.3,1.01,2021-04-01,"CT"
"244",117.3,0.8,2021-05-01,"CT"
"245",18.8,0.73,2021-06-01,"CT"
"246",11.1,1.09,2021-07-01,"CT"
"247",76.7,1.26,2021-08-01,"CT"
"248",130.5,0.99,2021-09-01,"CT"
"249",93.5,0.9,2021-10-01,"CT"
"250",64.2,1,2021-11-01,"CT"
"251",174.2,1.27,2021-12-01,"CT"
"252",1125.9,1.28,2022-01-01,"CT"
"253",367,0.59,2022-02-01,"CT"
"254",73,0.75,2022-03-01,"CT"
"255",86.4,1.15,2022-04-01,"CT"
"256",182.7,1.19,2022-05-01,"CT"
"257",180.7,0.73,2022-06-01,"CT"
"258",0,1.03,2022-07-01,"CT"
"259",166.2,0.97,2022-08-01,"CT"
"260",101.3,1.02,2022-09-01,"CT"
"261",133,0.93,2022-10-01,"CT"
"262",103.8,0.96,2022-11-01,"CT"
"263",104.6,1.1,2022-12-01,"CT"
"264",135.5,1,2023-01-01,"CT"
"265",82.8,0.89,2023-02-01,"CT"
"266",47.4,0.85,2023-03-01,"CT"
"267",22.6,0.94,2023-04-01,"CT"
"268",57.1,1.49,2020-04-01,"DC"
"269",160.1,1.05,2020-05-01,"DC"
"270",89.6,0.83,2020-06-01,"DC"
"271",33.6,1.04,2020-07-01,"DC"
"272",69.1,1,2020-08-01,"DC"
"273",51.7,0.95,2020-09-01,"DC"
"274",35.7,1.06,2020-10-01,"DC"
"275",85.3,1.15,2020-11-01,"DC"
"276",180.8,1.13,2020-12-01,"DC"
"277",237.9,1.05,2021-01-01,"DC"
"278",213,0.88,2021-02-01,"DC"
"279",131.6,1.05,2021-03-01,"DC"
"280",139.9,1,2021-04-01,"DC"
"281",82.3,0.82,2021-05-01,"DC"
"282",27.9,0.83,2021-06-01,"DC"
"283",12.7,1.07,2021-07-01,"DC"
"284",72.6,1.29,2021-08-01,"DC"
"285",200.4,1.03,2021-09-01,"DC"
"286",159.5,0.85,2021-10-01,"DC"
"287",83.7,0.97,2021-11-01,"DC"
"288",76.1,1.24,2021-12-01,"DC"
"289",2085.9,1.1,2022-01-01,"DC"
"290",313.1,0.62,2022-02-01,"DC"
"291",78.9,0.82,2022-03-01,"DC"
"292",95.4,1.21,2022-04-01,"DC"
"293",108.8,0.93,2022-05-01,"DC"
"294",288.1,0.92,2022-06-01,"DC"
"295",212.3,0.98,2022-07-01,"DC"
"296",180.9,0.88,2022-08-01,"DC"
"297",86.1,0.91,2022-09-01,"DC"
"298",66.7,0.69,2022-10-01,"DC"
"299",47.9,1.12,2022-11-01,"DC"
"300",51.3,1.03,2022-12-01,"DC"
"301",66.1,0.99,2023-01-01,"DC"
"302",52.9,0.96,2023-02-01,"DC"
"303",31.4,0.87,2023-03-01,"DC"
"304",21.3,0.92,2023-04-01,"DC"
"305",25.6,1.58,2020-04-01,"DE"
"306",151.6,1.01,2020-05-01,"DE"
"307",65.7,0.74,2020-06-01,"DE"
"308",63.8,1.14,2020-07-01,"DE"
"309",72.1,0.95,2020-08-01,"DE"
"310",58,1.12,2020-09-01,"DE"
"311",86.3,1.06,2020-10-01,"DE"
"312",119.6,1.17,2020-11-01,"DE"
"313",377.8,1.16,2020-12-01,"DE"
"314",453,1.04,2021-01-01,"DE"
"315",339.3,0.85,2021-02-01,"DE"
"316",204.4,0.93,2021-03-01,"DE"
"317",220.8,1.07,2021-04-01,"DE"
"318",174,0.83,2021-05-01,"DE"
"319",42.2,0.76,2021-06-01,"DE"
"320",15.4,1.05,2021-07-01,"DE"
"321",78.7,1.33,2021-08-01,"DE"
"322",266.3,1.07,2021-09-01,"DE"
"323",324,0.97,2021-10-01,"DE"
"324",184.5,0.95,2021-11-01,"DE"
"325",266.8,1.17,2021-12-01,"DE"
"326",1264.9,1.31,2022-01-01,"DE"
"327",628.8,0.58,2022-02-01,"DE"
"328",65.5,0.74,2022-03-01,"DE"
"329",57.6,1.07,2022-04-01,"DE"
"330",143.8,1.22,2022-05-01,"DE"
"331",313.1,0.85,2022-06-01,"DE"
"332",181.9,1,2022-07-01,"DE"
"333",235.8,0.96,2022-08-01,"DE"
"334",142.6,0.91,2022-09-01,"DE"
"335",143.9,0.94,2022-10-01,"DE"
"336",97.5,0.95,2022-11-01,"DE"
"337",105.1,1.12,2022-12-01,"DE"
"338",131.6,1,2023-01-01,"DE"
"339",100.1,1.01,2023-02-01,"DE"
"340",47.3,0.88,2023-03-01,"DE"
"341",29.3,0.79,2023-04-01,"DE"
"342",0,0,2020-03-01,"FL"
"343",27,1.38,2020-04-01,"FL"
"344",19.5,0.94,2020-05-01,"FL"
"345",23.7,1.18,2020-06-01,"FL"
"346",232.7,1.25,2020-07-01,"FL"
"347",305,0.86,2020-08-01,"FL"
"348",0,0.89,2020-09-01,"FL"
"349",75,0.99,2020-10-01,"FL"
"350",134,1.13,2020-11-01,"FL"
"351",255.5,1.07,2020-12-01,"FL"
"352",386.5,1.1,2021-01-01,"FL"
"353",321,0.89,2021-02-01,"FL"
"354",176.9,0.93,2021-03-01,"FL"
"355",172.7,1.06,2021-04-01,"FL"
"356",163.1,0.87,2021-05-01,"FL"
"357",60.2,0.88,2021-06-01,"FL"
"358",55.2,1.26,2021-07-01,"FL"
"359",545,1.19,2021-08-01,"FL"
"360",648.8,0.87,2021-09-01,"FL"
"361",173.7,0.73,2021-10-01,"FL"
"362",52.9,0.9,2021-11-01,"FL"
"363",42.8,1.17,2021-12-01,"FL"
"364",1520.8,1.32,2022-01-01,"FL"
"365",804.5,0.75,2022-02-01,"FL"
"366",85.2,0.62,2022-03-01,"FL"
"367",46.8,1.11,2022-04-01,"FL"
"368",129.8,1.17,2022-05-01,"FL"
"369",312.2,1.06,2022-06-01,"FL"
"370",346.8,1,2022-07-01,"FL"
"371",335,0.92,2022-08-01,"FL"
"372",186.9,0.88,2022-09-01,"FL"
"373",53.2,0.83,2022-10-01,"FL"
"374",53.9,1.2,2022-11-01,"FL"
"375",72,1.1,2022-12-01,"FL"
"376",0,1.5,2023-01-01,"FL"
"377",92.9,1.5,2023-02-01,"FL"
"378",134.3,1.08,2023-03-01,"FL"
"379",0,0,2023-04-01,"FL"
"380",0,0,2020-03-01,"GA"
"381",31.7,1.43,2020-04-01,"GA"
"382",45.8,0.96,2020-05-01,"GA"
"383",40.9,1.03,2020-06-01,"GA"
"384",125.3,1.22,2020-07-01,"GA"
"385",222,0.99,2020-08-01,"GA"
"386",138.3,0.9,2020-09-01,"GA"
"387",81.7,0.99,2020-10-01,"GA"
"388",103.6,1.11,2020-11-01,"GA"
"389",193.5,1.15,2020-12-01,"GA"
"390",487,1.09,2021-01-01,"GA"
"391",390.2,0.83,2021-02-01,"GA"
"392",204,0.88,2021-03-01,"GA"
"393",94.8,0.96,2021-04-01,"GA"
"394",79.6,0.91,2021-05-01,"GA"
"395",28.9,0.86,2021-06-01,"GA"
"396",25.3,1.17,2021-07-01,"GA"
"397",197.8,1.3,2021-08-01,"GA"
"398",601,0.97,2021-09-01,"GA"
"399",225.1,0.81,2021-10-01,"GA"
"400",79.4,0.9,2021-11-01,"GA"
"401",63.8,1.12,2021-12-01,"GA"
"402",1013.8,1.31,2022-01-01,"GA"
"403",789.8,0.66,2022-02-01,"GA"
"404",90.5,0.73,2022-03-01,"GA"
"405",36.2,0.9,2022-04-01,"GA"
"406",54.2,1.21,2022-05-01,"GA"
"407",136.8,1.1,2022-06-01,"GA"
"408",187.8,1.05,2022-07-01,"GA"
"409",0,1.04,2022-08-01,"GA"
"410",177.8,0.82,2022-09-01,"GA"
"411",40.9,0.82,2022-10-01,"GA"
"412",36,1.05,2022-11-01,"GA"
"413",60.7,1.26,2022-12-01,"GA"
"414",114.8,1.04,2023-01-01,"GA"
"415",73.5,0.94,2023-02-01,"GA"
"416",34.9,0.71,2023-03-01,"GA"
"417",26.9,1.07,2023-04-01,"GA"
"418",11.5,1.15,2020-04-01,"HI"
"419",1.1,0.58,2020-05-01,"HI"
"420",0.6,1.23,2020-06-01,"HI"
"421",6.2,1.16,2020-07-01,"HI"
"422",40.8,1.42,2020-08-01,"HI"
"423",117.7,0.91,2020-09-01,"HI"
"424",53.1,0.96,2020-10-01,"HI"
"425",32.8,1.04,2020-11-01,"HI"
"426",41.5,1.03,2020-12-01,"HI"
"427",61.8,1.09,2021-01-01,"HI"
"428",46.7,0.85,2021-02-01,"HI"
"429",26.5,1.04,2021-03-01,"HI"
"430",54.2,1.04,2021-04-01,"HI"
"431",50.6,1,2021-05-01,"HI"
"432",27,0.94,2021-06-01,"HI"
"433",19.6,1.1,2021-07-01,"HI"
"434",147.6,1.34,2021-08-01,"HI"
"435",433.1,0.97,2021-09-01,"HI"
"436",151.6,0.76,2021-10-01,"HI"
"437",59.5,0.95,2021-11-01,"HI"
"438",43,1.07,2021-12-01,"HI"
"439",1077.9,1.33,2022-01-01,"HI"
"440",935,0.61,2022-02-01,"HI"
"441",105.4,0.67,2022-03-01,"HI"
"442",78,1.1,2022-04-01,"HI"
"443",264.3,1.26,2022-05-01,"HI"
"444",567.1,1,2022-06-01,"HI"
"445",347.1,0.91,2022-07-01,"HI"
"446",261.6,0.94,2022-08-01,"HI"
"447",117.5,0.83,2022-09-01,"HI"
"448",47,1.04,2022-10-01,"HI"
"449",73.5,0.88,2022-11-01,"HI"
"450",73.5,1.03,2022-12-01,"HI"
"451",84.5,1.03,2023-01-01,"HI"
"452",53.4,0.89,2023-02-01,"HI"
"453",34,1.13,2023-03-01,"HI"
"454",87.2,1.08,2023-04-01,"HI"
"455",0,0,2020-03-01,"IA"
"456",12.7,1.48,2020-04-01,"IA"
"457",108.5,1.11,2020-05-01,"IA"
"458",68.5,0.95,2020-06-01,"IA"
"459",86.2,1.12,2020-07-01,"IA"
"460",108,0.98,2020-08-01,"IA"
"461",261.2,1,2020-09-01,"IA"
"462",205.7,1.04,2020-10-01,"IA"
"463",471,1.3,2020-11-01,"IA"
"464",484.2,0.82,2020-12-01,"IA"
"465",276.2,1.01,2021-01-01,"IA"
"466",199,0.87,2021-02-01,"IA"
"467",120.5,0.95,2021-03-01,"IA"
"468",115.5,1,2021-04-01,"IA"
"469",79.1,0.9,2021-05-01,"IA"
"470",19,0.8,2021-06-01,"IA"
"471",18.6,1.06,2021-07-01,"IA"
"472",86.8,1.3,2021-08-01,"IA"
"473",263.3,1.12,2021-09-01,"IA"
"474",324.3,0.92,2021-10-01,"IA"
"475",236,1.06,2021-11-01,"IA"
"476",308.8,1.06,2021-12-01,"IA"
"477",477.4,1.31,2022-01-01,"IA"
"478",817.4,0.71,2022-02-01,"IA"
"479",0,0.6,2022-03-01,"IA"
"480",22.9,1.02,2022-04-01,"IA"
"481",56.9,1.24,2022-05-01,"IA"
"482",122.2,1.04,2022-06-01,"IA"
"483",123.8,1.04,2022-07-01,"IA"
"484",166.1,1.01,2022-08-01,"IA"
"485",155.6,0.96,2022-09-01,"IA"
"486",62,0.85,2022-10-01,"IA"
"487",58.3,1.05,2022-11-01,"IA"
"488",93.7,1.15,2022-12-01,"IA"
"489",69.8,0.89,2023-01-01,"IA"
"490",47.4,0.97,2023-02-01,"IA"
"491",54.9,1.04,2023-03-01,"IA"
"492",0,0,2023-04-01,"IA"
"493",0,0,2020-03-01,"ID"
"494",30.6,1.31,2020-04-01,"ID"
"495",9.2,0.95,2020-05-01,"ID"
"496",13.7,1.1,2020-06-01,"ID"
"497",96.8,1.33,2020-07-01,"ID"
"498",185.3,0.97,2020-08-01,"ID"
"499",115,0.94,2020-09-01,"ID"
"500",188.5,1.14,2020-10-01,"ID"
"501",331.7,1.11,2020-11-01,"ID"
"502",450.7,1.03,2020-12-01,"ID"
"503",347.2,0.95,2021-01-01,"ID"
"504",174,0.83,2021-02-01,"ID"
"505",106,1.02,2021-03-01,"ID"
"506",112.7,0.97,2021-04-01,"ID"
"507",79.9,0.92,2021-05-01,"ID"
"508",42.5,0.9,2021-06-01,"ID"
"509",26.9,1.06,2021-07-01,"ID"
"510",137.3,1.26,2021-08-01,"ID"
"511",362.8,1.12,2021-09-01,"ID"
"512",522.8,0.99,2021-10-01,"ID"
"513",334.3,0.85,2021-11-01,"ID"
"514",135.9,0.96,2021-12-01,"ID"
"515",216.6,1.38,2022-01-01,"ID"
"516",998.3,0.9,2022-02-01,"ID"
"517",608.3,0.86,2022-03-01,"ID"
"518",36.8,0.52,2022-04-01,"ID"
"519",29.8,1.2,2022-05-01,"ID"
"520",98,1.15,2022-06-01,"ID"
"521",188.5,1.09,2022-07-01,"ID"
"522",175.3,0.91,2022-08-01,"ID"
"523",114.2,0.94,2022-09-01,"ID"
"524",70.8,0.91,2022-10-01,"ID"
"525",58.9,1.05,2022-11-01,"ID"
"526",84.3,1.03,2022-12-01,"ID"
"527",59.4,0.94,2023-01-01,"ID"
"528",39.5,1.05,2023-02-01,"ID"
"529",0,0.99,2023-03-01,"ID"
"530",38.5,1.04,2023-04-01,"ID"
"531",0,1,2020-02-01,"IL"
"532",0,1.44,2020-03-01,"IL"
"533",40.3,1.45,2020-04-01,"IL"
"534",129.4,1.1,2020-05-01,"IL"
"535",74.3,0.78,2020-06-01,"IL"
"536",43.5,1.08,2020-07-01,"IL"
"537",83.4,1.08,2020-08-01,"IL"
"538",105,0.97,2020-09-01,"IL"
"539",114.4,1.09,2020-10-01,"IL"
"540",353.5,1.24,2020-11-01,"IL"
"541",512.7,0.94,2020-12-01,"IL"
"542",267.2,1.01,2021-01-01,"IL"
"543",188,0.83,2021-02-01,"IL"
"544",98.7,0.96,2021-03-01,"IL"
"545",145.3,1.13,2021-04-01,"IL"
"546",148.8,0.91,2021-05-01,"IL"
"547",42.8,0.69,2021-06-01,"IL"
"548",16.4,1.18,2021-07-01,"IL"
"549",71.4,1.25,2021-08-01,"IL"
"550",229,1.02,2021-09-01,"IL"
"551",147.8,0.93,2021-10-01,"IL"
"552",123.5,1.08,2021-11-01,"IL"
"553",243.4,1.18,2021-12-01,"IL"
"554",1144.5,1.24,2022-01-01,"IL"
"555",620.1,0.58,2022-02-01,"IL"
"556",104,0.76,2022-03-01,"IL"
"557",66.3,1.11,2022-04-01,"IL"
"558",186.9,1.18,2022-05-01,"IL"
"559",256.2,0.96,2022-06-01,"IL"
"560",223.1,1.02,2022-07-01,"IL"
"561",245.7,0.95,2022-08-01,"IL"
"562",203.1,0.95,2022-09-01,"IL"
"563",86.9,0.88,2022-10-01,"IL"
"564",113.2,1.01,2022-11-01,"IL"
"565",154.3,1.14,2022-12-01,"IL"
"566",120.1,0.82,2023-01-01,"IL"
"567",43.9,0.92,2023-02-01,"IL"
"568",88.8,0.98,2023-03-01,"IL"
"569",68,1.33,2023-04-01,"IL"
"570",0,0,2020-03-01,"IN"
"571",31.1,1.48,2020-04-01,"IN"
"572",75.7,1.03,2020-05-01,"IN"
"573",47.5,0.93,2020-06-01,"IN"
"574",42.4,1.1,2020-07-01,"IN"
"575",85.3,1.04,2020-08-01,"IN"
"576",97,0.99,2020-09-01,"IN"
"577",103.7,1.14,2020-10-01,"IN"
"578",290.4,1.22,2020-11-01,"IN"
"579",562.7,1.01,2020-12-01,"IN"
"580",440,0.99,2021-01-01,"IN"
"581",225.7,0.82,2021-02-01,"IN"
"582",87.3,0.92,2021-03-01,"IN"
"583",99.8,1.08,2021-04-01,"IN"
"584",113.4,0.98,2021-05-01,"IN"
"585",46.9,0.82,2021-06-01,"IN"
"586",28.7,1.1,2021-07-01,"IN"
"587",110.6,1.29,2021-08-01,"IN"
"588",435.9,1.04,2021-09-01,"IN"
"589",268.4,0.9,2021-10-01,"IN"
"590",169.9,1.08,2021-11-01,"IN"
"591",337.4,1.14,2021-12-01,"IN"
"592",734.3,1.3,2022-01-01,"IN"
"593",880.9,0.61,2022-02-01,"IN"
"594",67.3,0.65,2022-03-01,"IN"
"595",23.1,0.93,2022-04-01,"IN"
"596",70.6,1.15,2022-05-01,"IN"
"597",115.3,1.03,2022-06-01,"IN"
"598",163.5,1.07,2022-07-01,"IN"
"599",240.7,1.02,2022-08-01,"IN"
"600",189.1,0.87,2022-09-01,"IN"
"601",56.9,0.88,2022-10-01,"IN"
"602",75,1.08,2022-11-01,"IN"
"603",105.1,1.16,2022-12-01,"IN"
"604",104.4,0.94,2023-01-01,"IN"
"605",66.7,1.03,2023-02-01,"IN"
"606",67.6,0.93,2023-03-01,"IN"
"607",40.8,1.02,2023-04-01,"IN"
"608",0,0,2020-03-01,"KS"
"609",12.2,1.4,2020-04-01,"KS"
"610",57.3,1.15,2020-05-01,"KS"
"611",28.5,0.91,2020-06-01,"KS"
"612",69.7,1.23,2020-07-01,"KS"
"613",92.1,0.99,2020-08-01,"KS"
"614",151.1,1,2020-09-01,"KS"
"615",159.3,1.04,2020-10-01,"KS"
"616",294.1,1.26,2020-11-01,"KS"
"617",530.2,0.96,2020-12-01,"KS"
"618",593,1.04,2021-01-01,"KS"
"619",252.9,0.83,2021-02-01,"KS"
"620",88,0.78,2021-03-01,"KS"
"621",48.7,0.99,2021-04-01,"KS"
"622",52,0.92,2021-05-01,"KS"
"623",13.5,0.93,2021-06-01,"KS"
"624",35.5,1.26,2021-07-01,"KS"
"625",196.6,1.17,2021-08-01,"KS"
"626",370.2,1.04,2021-09-01,"KS"
"627",234.2,0.91,2021-10-01,"KS"
"628",194.5,1.04,2021-11-01,"KS"
"629",288,1.13,2021-12-01,"KS"
"630",654.9,1.4,2022-01-01,"KS"
"631",1199.8,0.61,2022-02-01,"KS"
"632",110.7,0.59,2022-03-01,"KS"
"633",23.4,1.03,2022-04-01,"KS"
"634",63.4,1.15,2022-05-01,"KS"
"635",108.5,1.11,2022-06-01,"KS"
"636",123.8,1.1,2022-07-01,"KS"
"637",256,0.95,2022-08-01,"KS"
"638",169.1,0.96,2022-09-01,"KS"
"639",95.5,0.92,2022-10-01,"KS"
"640",79.9,1,2022-11-01,"KS"
"641",118.1,1.11,2022-12-01,"KS"
"642",148.9,0.9,2023-01-01,"KS"
"643",67.2,0.97,2023-02-01,"KS"
"644",65.8,0.95,2023-03-01,"KS"
"645",42.7,1.05,2023-04-01,"KS"
"646",10.7,1.44,2020-04-01,"KY"
"647",24.6,1.06,2020-05-01,"KY"
"648",28,1.06,2020-06-01,"KY"
"649",35.6,1.17,2020-07-01,"KY"
"650",94.4,1.03,2020-08-01,"KY"
"651",111.1,1.01,2020-09-01,"KY"
"652",120.6,1.07,2020-10-01,"KY"
"653",265.7,1.14,2020-11-01,"KY"
"654",465.7,1.04,2020-12-01,"KY"
"655",350.2,1.12,2021-01-01,"KY"
"656",384.1,0.88,2021-02-01,"KY"
"657",162.8,0.88,2021-03-01,"KY"
"658",93,0.97,2021-04-01,"KY"
"659",91.1,0.98,2021-05-01,"KY"
"660",39.6,0.86,2021-06-01,"KY"
"661",24.2,1.14,2021-07-01,"KY"
"662",193.4,1.3,2021-08-01,"KY"
"663",676.9,1.04,2021-09-01,"KY"
"664",494,0.85,2021-10-01,"KY"
"665",184.3,0.94,2021-11-01,"KY"
"666",252.6,1.14,2021-12-01,"KY"
"667",552.8,1.36,2022-01-01,"KY"
"668",1559.4,0.78,2022-02-01,"KY"
"669",263.2,0.61,2022-03-01,"KY"
"670",16.5,0.71,2022-04-01,"KY"
"671",82.1,1.26,2022-05-01,"KY"
"672",160,1.1,2022-06-01,"KY"
"673",220.4,0.72,2022-07-01,"KY"
"674",419.3,1.04,2022-08-01,"KY"
"675",348.7,0.95,2022-09-01,"KY"
"676",203.4,0.98,2022-10-01,"KY"
"677",161,0.98,2022-11-01,"KY"
"678",106.5,1.01,2022-12-01,"KY"
"679",124.8,0.96,2023-01-01,"KY"
"680",146,0.96,2023-02-01,"KY"
"681",110,0.97,2023-03-01,"KY"
"682",45.5,0.85,2023-04-01,"KY"
"683",0,0,2020-03-01,"LA"
"684",99.6,1.43,2020-04-01,"LA"
"685",55,0.91,2020-05-01,"LA"
"686",54.6,1.02,2020-06-01,"LA"
"687",165.5,1.23,2020-07-01,"LA"
"688",265.9,0.9,2020-08-01,"LA"
"689",98.4,0.97,2020-09-01,"LA"
"690",76.6,0.97,2020-10-01,"LA"
"691",89.2,1.13,2020-11-01,"LA"
"692",286.9,1.06,2020-12-01,"LA"
"693",422.2,1.1,2021-01-01,"LA"
"694",336.6,0.83,2021-02-01,"LA"
"695",126.1,0.89,2021-03-01,"LA"
"696",61.3,0.99,2021-04-01,"LA"
"697",64.4,0.99,2021-05-01,"LA"
"698",47.7,0.94,2021-06-01,"LA"
"699",58.6,1.27,2021-07-01,"LA"
"700",670.7,1.19,2021-08-01,"LA"
"701",450.4,0.81,2021-09-01,"LA"
"702",158.8,0.81,2021-10-01,"LA"
"703",75.1,0.93,2021-11-01,"LA"
"704",59.9,1.1,2021-12-01,"LA"
"705",1028.7,1.47,2022-01-01,"LA"
"706",745.3,0.7,2022-02-01,"LA"
"707",80.6,0.57,2022-03-01,"LA"
"708",14.3,0.98,2022-04-01,"LA"
"709",39.8,1.22,2022-05-01,"LA"
"710",154.7,1.12,2022-06-01,"LA"
"711",300.5,1.11,2022-07-01,"LA"
"712",295.4,0.88,2022-08-01,"LA"
"713",280,0.91,2022-09-01,"LA"
"714",58.8,0.78,2022-10-01,"LA"
"715",40.7,1.16,2022-11-01,"LA"
"716",62.6,1.17,2022-12-01,"LA"
"717",146.2,0.74,2023-01-01,"LA"
"718",220.1,1.08,2023-02-01,"LA"
"719",98.2,0.87,2023-03-01,"LA"
"720",116.9,1.11,2023-04-01,"LA"
"721",0,0,2020-02-01,"MA"
"722",0,1.51,2020-03-01,"MA"
"723",85.6,1.5,2020-04-01,"MA"
"724",193.6,0.89,2020-05-01,"MA"
"725",0,0.75,2020-06-01,"MA"
"726",22.2,0.99,2020-07-01,"MA"
"727",40.2,1.06,2020-08-01,"MA"
"728",35.8,0.99,2020-09-01,"MA"
"729",56.2,1.11,2020-10-01,"MA"
"730",132.6,1.21,2020-11-01,"MA"
"731",261.2,1.17,2020-12-01,"MA"
"732",492.1,1.07,2021-01-01,"MA"
"733",329.9,0.84,2021-02-01,"MA"
"734",174.1,0.96,2021-03-01,"MA"
"735",233.8,1.02,2021-04-01,"MA"
"736",126.4,0.82,2021-05-01,"MA"
"737",22.2,0.67,2021-06-01,"MA"
"738",6.2,1.14,2021-07-01,"MA"
"739",74.8,1.26,2021-08-01,"MA"
"740",169.1,1.06,2021-09-01,"MA"
"741",156.3,0.93,2021-10-01,"MA"
"742",133.3,1.05,2021-11-01,"MA"
"743",290.1,1.17,2021-12-01,"MA"
"744",1327.9,1.29,2022-01-01,"MA"
"745",623.8,0.57,2022-02-01,"MA"
"746",101.7,0.79,2022-03-01,"MA"
"747",118.7,1.17,2022-04-01,"MA"
"748",283.5,1.15,2022-05-01,"MA"
"749",254.4,0.84,2022-06-01,"MA"
"750",156.4,0.94,2022-07-01,"MA"
"751",156.6,0.99,2022-08-01,"MA"
"752",126.8,0.97,2022-09-01,"MA"
"753",148.4,1,2022-10-01,"MA"
"754",99.1,0.92,2022-11-01,"MA"
"755",74,1.11,2022-12-01,"MA"
"756",156.5,1.03,2023-01-01,"MA"
"757",92.8,0.94,2023-02-01,"MA"
"758",61.4,0.89,2023-03-01,"MA"
"759",38.5,1.07,2023-04-01,"MA"
"760",25.8,1.57,2020-04-01,"MD"
"761",113.7,1.08,2020-05-01,"MD"
"762",103.9,0.87,2020-06-01,"MD"
"763",42.5,1.06,2020-07-01,"MD"
"764",104.3,0.99,2020-08-01,"MD"
"765",62.8,1.01,2020-09-01,"MD"
"766",61.3,1.03,2020-10-01,"MD"
"767",96.9,1.2,2020-11-01,"MD"
"768",259.1,1.07,2020-12-01,"MD"
"769",282.2,1.06,2021-01-01,"MD"
"770",206.1,0.83,2021-02-01,"MD"
"771",94.9,0.98,2021-03-01,"MD"
"772",148,1.07,2021-04-01,"MD"
"773",99.1,0.8,2021-05-01,"MD"
"774",22.1,0.7,2021-06-01,"MD"
"775",6.6,1.08,2021-07-01,"MD"
"776",52,1.32,2021-08-01,"MD"
"777",139.7,1.02,2021-09-01,"MD"
"778",144.7,0.97,2021-10-01,"MD"
"779",84.7,0.97,2021-11-01,"MD"
"780",112.3,0.94,2021-12-01,"MD"
"781",1156.5,1.3,2022-01-01,"MD"
"782",265.8,0.56,2022-02-01,"MD"
"783",62,0.8,2022-03-01,"MD"
"784",37.4,1.14,2022-04-01,"MD"
"785",112,1.19,2022-05-01,"MD"
"786",253.4,0.94,2022-06-01,"MD"
"787",169.2,1.02,2022-07-01,"MD"
"788",189,0.98,2022-08-01,"MD"
"789",126.9,0.93,2022-09-01,"MD"
"790",89.5,0.91,2022-10-01,"MD"
"791",79.2,1,2022-11-01,"MD"
"792",87.4,1.13,2022-12-01,"MD"
"793",123.7,1.03,2023-01-01,"MD"
"794",79.8,0.93,2023-02-01,"MD"
"795",51,0.91,2023-03-01,"MD"
"796",35.5,1.18,2023-04-01,"MD"
"797",15,1.17,2020-04-01,"ME"
"798",11.8,1.09,2020-05-01,"ME"
"799",20.5,0.92,2020-06-01,"ME"
"800",20.6,0.94,2020-07-01,"ME"
"801",10.9,0.9,2020-08-01,"ME"
"802",13.4,1.02,2020-09-01,"ME"
"803",16.1,1,2020-10-01,"ME"
"804",38.2,1.37,2020-11-01,"ME"
"805",87.6,1.16,2020-12-01,"ME"
"806",236.3,1.07,2021-01-01,"ME"
"807",185.8,0.79,2021-02-01,"ME"
"808",86.9,1.03,2021-03-01,"ME"
"809",118.9,1.15,2021-04-01,"ME"
"810",149.1,0.91,2021-05-01,"ME"
"811",51.1,0.71,2021-06-01,"ME"
"812",12.3,0.9,2021-07-01,"ME"
"813",43.6,1.25,2021-08-01,"ME"
"814",147.3,1.19,2021-09-01,"ME"
"815",308.1,1,2021-10-01,"ME"
"816",243.9,1.03,2021-11-01,"ME"
"817",197.8,1.12,2021-12-01,"ME"
"818",396,1.02,2022-01-01,"ME"
"819",542,0.98,2022-02-01,"ME"
"820",382.5,0.73,2022-03-01,"ME"
"821",103.8,1.06,2022-04-01,"ME"
"822",242,1.22,2022-05-01,"ME"
"823",179.1,0.78,2022-06-01,"ME"
"824",110.8,1,2022-07-01,"ME"
"825",109.6,1,2022-08-01,"ME"
"826",124.1,0.97,2022-09-01,"ME"
"827",134.7,1.03,2022-10-01,"ME"
"828",98.6,0.86,2022-11-01,"ME"
"829",67.3,1.13,2022-12-01,"ME"
"830",77.8,1.05,2023-01-01,"ME"
"831",80.2,0.97,2023-02-01,"ME"
"832",122.5,1.12,2023-03-01,"ME"
"833",43.4,1.04,2023-04-01,"ME"
"834",70.1,1.39,2020-04-01,"MI"
"835",57.3,0.86,2020-05-01,"MI"
"836",0,0.86,2020-06-01,"MI"
"837",25.7,1.19,2020-07-01,"MI"
"838",57.9,1.01,2020-08-01,"MI"
"839",52.3,1.01,2020-09-01,"MI"
"840",66.7,1.11,2020-10-01,"MI"
"841",220.1,1.26,2020-11-01,"MI"
"842",476.9,0.95,2020-12-01,"MI"
"843",191.8,0.98,2021-01-01,"MI"
"844",127.6,0.87,2021-02-01,"MI"
"845",94.1,1.13,2021-03-01,"MI"
"846",409.3,1.18,2021-04-01,"MI"
"847",283.6,0.78,2021-05-01,"MI"
"848",42.9,0.63,2021-06-01,"MI"
"849",12.9,0.99,2021-07-01,"MI"
"850",47.1,1.32,2021-08-01,"MI"
"851",156.2,1.09,2021-09-01,"MI"
"852",266,1.07,2021-10-01,"MI"
"853",299,1.09,2021-11-01,"MI"
"854",476.6,1.01,2021-12-01,"MI"
"855",820,1.28,2022-01-01,"MI"
"856",848,0.59,2022-02-01,"MI"
"857",139.5,0.74,2022-03-01,"MI"
"858",48.1,1.02,2022-04-01,"MI"
"859",167.1,1.18,2022-05-01,"MI"
"860",194.5,0.88,2022-06-01,"MI"
"861",139.1,1.01,2022-07-01,"MI"
"862",199.6,1.01,2022-08-01,"MI"
"863",186.2,0.95,2022-09-01,"MI"
"864",137.8,0.93,2022-10-01,"MI"
"865",116.3,1,2022-11-01,"MI"
"866",71.7,0.86,2022-12-01,"MI"
"867",100.4,0.92,2023-01-01,"MI"
"868",59.9,0.92,2023-02-01,"MI"
"869",74.1,1.02,2023-03-01,"MI"
"870",66.4,0.86,2023-04-01,"MI"
"871",7.1,1.28,2020-04-01,"MN"
"872",45.1,1.37,2020-05-01,"MN"
"873",69,0.87,2020-06-01,"MN"
"874",52.4,1.09,2020-07-01,"MN"
"875",86.8,1.01,2020-08-01,"MN"
"876",100.2,0.99,2020-09-01,"MN"
"877",127.5,1.09,2020-10-01,"MN"
"878",299.2,1.3,2020-11-01,"MN"
"879",698.6,0.91,2020-12-01,"MN"
"880",196.7,0.96,2021-01-01,"MN"
"881",119.6,0.89,2021-02-01,"MN"
"882",100,1.03,2021-03-01,"MN"
"883",199.8,1.13,2021-04-01,"MN"
"884",192.4,0.88,2021-05-01,"MN"
"885",36.2,0.65,2021-06-01,"MN"
"886",10.1,1.02,2021-07-01,"MN"
"887",61.1,1.31,2021-08-01,"MN"
"888",193.8,1.07,2021-09-01,"MN"
"889",312.4,1.08,2021-10-01,"MN"
"890",439,1.12,2021-11-01,"MN"
"891",440.5,1.01,2021-12-01,"MN"
"892",484.3,1.26,2022-01-01,"MN"
"893",1386,0.72,2022-02-01,"MN"
"894",159.7,0.65,2022-03-01,"MN"
"895",50.2,1.06,2022-04-01,"MN"
"896",161,1.21,2022-05-01,"MN"
"897",148.8,0.97,2022-06-01,"MN"
"898",145.8,0.93,2022-07-01,"MN"
"899",182.2,1.02,2022-08-01,"MN"
"900",148.8,0.9,2022-09-01,"MN"
"901",107.7,0.97,2022-10-01,"MN"
"902",89.8,1.01,2022-11-01,"MN"
"903",81,0.99,2022-12-01,"MN"
"904",93.8,0.91,2023-01-01,"MN"
"905",79,1.04,2023-02-01,"MN"
"906",86.5,0.98,2023-03-01,"MN"
"907",43.5,1.03,2023-04-01,"MN"
"908",19.5,1.4,2020-04-01,"MO"
"909",19.8,1,2020-05-01,"MO"
"910",20,1.09,2020-06-01,"MO"
"911",50.8,1.18,2020-07-01,"MO"
"912",158.1,1.01,2020-08-01,"MO"
"913",149.4,1.05,2020-09-01,"MO"
"914",171.9,1.03,2020-10-01,"MO"
"915",275.3,1.2,2020-11-01,"MO"
"916",409.2,0.95,2020-12-01,"MO"
"917",334.1,1.04,2021-01-01,"MO"
"918",185.1,0.82,2021-02-01,"MO"
"919",67.7,0.92,2021-03-01,"MO"
"920",69.2,0.99,2021-04-01,"MO"
"921",75.5,0.94,2021-05-01,"MO"
"922",44.6,1.04,2021-06-01,"MO"
"923",105.8,1.18,2021-07-01,"MO"
"924",302.6,1.06,2021-08-01,"MO"
"925",264.4,0.97,2021-09-01,"MO"
"926",187.3,0.89,2021-10-01,"MO"
"927",111.1,1.05,2021-11-01,"MO"
"928",236.6,1.18,2021-12-01,"MO"
"929",554.5,1.34,2022-01-01,"MO"
"930",820,0.66,2022-02-01,"MO"
"931",98.6,0.67,2022-03-01,"MO"
"932",42.2,0.8,2022-04-01,"MO"
"933",37.7,1.4,2022-05-01,"MO"
"934",147.8,1.08,2022-06-01,"MO"
"935",219.3,1.04,2022-07-01,"MO"
"936",223.7,0.93,2022-08-01,"MO"
"937",157.5,0.98,2022-09-01,"MO"
"938",97.6,0.85,2022-10-01,"MO"
"939",0,0.97,2022-11-01,"MO"
"940",100.4,1.12,2022-12-01,"MO"
"941",112.1,0.93,2023-01-01,"MO"
"942",73.7,0.98,2023-02-01,"MO"
"943",55,0.95,2023-03-01,"MO"
"944",63,0.95,2023-04-01,"MO"
"945",10.4,1.07,2020-04-01,"MP"
"946",0.9,1,2020-05-01,"MP"
"947",1.1,1.03,2020-06-01,"MP"
"948",0.9,1,2020-07-01,"MP"
"949",7.5,1.08,2020-08-01,"MP"
"950",3.2,1,2020-09-01,"MP"
"951",2.6,1.07,2020-10-01,"MP"
"952",8.7,1.11,2020-11-01,"MP"
"953",3.6,1.04,2020-12-01,"MP"
"954",4.5,1,2021-01-01,"MP"
"955",3.7,1,2021-02-01,"MP"
"956",1.3,1.09,2021-03-01,"MP"
"957",1,1,2021-04-01,"MP"
"958",7.5,1,2021-05-01,"MP"
"959",1.9,1.05,2021-06-01,"MP"
"960",0.9,1,2021-07-01,"MP"
"961",13.1,1.25,2021-08-01,"MP"
"962",22.4,0.95,2021-09-01,"MP"
"963",7.5,1.1,2021-10-01,"MP"
"964",50.7,1.33,2021-11-01,"MP"
"965",661.3,1.35,2021-12-01,"MP"
"966",815.2,0.88,2022-01-01,"MP"
"967",1746.1,1.33,2022-02-01,"MP"
"968",0,0.73,2022-03-01,"MP"
"969",244.4,0.56,2022-04-01,"MP"
"970",38.2,0.84,2022-05-01,"MP"
"971",57.7,1.12,2022-06-01,"MP"
"972",385.4,1.1,2022-07-01,"MP"
"973",11.2,0.6,2022-08-01,"MP"
"974",91.4,0.65,2022-09-01,"MP"
"975",3.1,0.92,2022-10-01,"MP"
"976",38.2,1.27,2022-11-01,"MP"
"977",14,1.13,2022-12-01,"MP"
"978",148.3,1.36,2023-01-01,"MP"
"979",0,1,2023-02-01,"MP"
"980",0,1,2023-03-01,"MP"
"981",24,0.45,2023-04-01,"MP"
"982",23.4,1.35,2020-04-01,"MS"
"983",59.7,1.04,2020-05-01,"MS"
"984",77.1,1.03,2020-06-01,"MS"
"985",150.4,1.15,2020-07-01,"MS"
"986",295.1,0.92,2020-08-01,"MS"
"987",147.1,0.89,2020-09-01,"MS"
"988",120.2,1.07,2020-10-01,"MS"
"989",170.5,1.07,2020-11-01,"MS"
"990",331.5,1.14,2020-12-01,"MS"
"991",477.4,1.03,2021-01-01,"MS"
"992",354.8,0.82,2021-02-01,"MS"
"993",138.4,0.92,2021-03-01,"MS"
"994",49.6,0.9,2021-04-01,"MS"
"995",50.6,0.96,2021-05-01,"MS"
"996",28.4,0.9,2021-06-01,"MS"
"997",45.4,1.24,2021-07-01,"MS"
"998",377.9,1.29,2021-08-01,"MS"
"999",654.8,0.87,2021-09-01,"MS"
"1000",212.2,0.77,2021-10-01,"MS"
"1001",106.1,0.87,2021-11-01,"MS"
"1002",67.4,1.11,2021-12-01,"MS"
"1003",764.8,1.51,2022-01-01,"MS"
"1004",1097.6,0.86,2022-02-01,"MS"
"1005",93.1,0.52,2022-03-01,"MS"
"1006",21.1,1.02,2022-04-01,"MS"
"1007",27.1,1.34,2022-05-01,"MS"
"1008",103.8,1.16,2022-06-01,"MS"
"1009",281.2,1.09,2022-07-01,"MS"
"1010",279.5,0.96,2022-08-01,"MS"
"1011",251.4,0.94,2022-09-01,"MS"
"1012",57.9,0.79,2022-10-01,"MS"
"1013",47.6,1,2022-11-01,"MS"
"1014",54.4,1.41,2022-12-01,"MS"
"1015",184.3,0.92,2023-01-01,"MS"
"1016",142.9,0.81,2023-02-01,"MS"
"1017",73.1,0.83,2023-03-01,"MS"
"1018",0,0,2023-04-01,"MS"
"1019",14.4,1.07,2020-04-01,"MT"
"1020",0.8,0.66,2020-05-01,"MT"
"1021",3.6,1.2,2020-06-01,"MT"
"1022",23.4,1.38,2020-07-01,"MT"
"1023",76.8,1.01,2020-08-01,"MT"
"1024",82.1,1.03,2020-09-01,"MT"
"1025",210.1,1.24,2020-10-01,"MT"
"1026",525.4,1.08,2020-11-01,"MT"
"1027",539.4,0.9,2020-12-01,"MT"
"1028",238.8,0.99,2021-01-01,"MT"
"1029",209.7,0.9,2021-02-01,"MT"
"1030",111,0.9,2021-03-01,"MT"
"1031",84.6,0.99,2021-04-01,"MT"
"1032",88,0.97,2021-05-01,"MT"
"1033",44,0.97,2021-06-01,"MT"
"1034",32.7,1,2021-07-01,"MT"
"1035",111.5,1.27,2021-08-01,"MT"
"1036",357.8,1.13,2021-09-01,"MT"
"1037",559.1,1,2021-10-01,"MT"
"1038",467.9,0.9,2021-11-01,"MT"
"1039",179.6,0.83,2021-12-01,"MT"
"1040",206.4,1.49,2022-01-01,"MT"
"1041",1235.1,0.87,2022-02-01,"MT"
"1042",342.3,0.79,2022-03-01,"MT"
"1043",21.1,0.84,2022-04-01,"MT"
"1044",50.4,1.11,2022-05-01,"MT"
"1045",117,1.14,2022-06-01,"MT"
"1046",197.4,1.01,2022-07-01,"MT"
"1047",207.8,0.95,2022-08-01,"MT"
"1048",87.3,0.89,2022-09-01,"MT"
"1049",125.8,0.95,2022-10-01,"MT"
"1050",71.8,0.93,2022-11-01,"MT"
"1051",89.5,1.01,2022-12-01,"MT"
"1052",74.9,0.94,2023-01-01,"MT"
"1053",52.9,1.06,2023-02-01,"MT"
"1054",81.9,0.96,2023-03-01,"MT"
"1055",56,0.88,2023-04-01,"MT"
"1056",9.8,1.38,2020-04-01,"NC"
"1057",27.4,1.1,2020-05-01,"NC"
"1058",51.2,1.15,2020-06-01,"NC"
"1059",100.6,1.08,2020-07-01,"NC"
"1060",121.4,0.93,2020-08-01,"NC"
"1061",112.3,0.97,2020-09-01,"NC"
"1062",95.2,1.1,2020-10-01,"NC"
"1063",158.1,1.06,2020-11-01,"NC"
"1064",238.8,1.14,2020-12-01,"NC"
"1065",358.6,1.09,2021-01-01,"NC"
"1066",373.8,0.86,2021-02-01,"NC"
"1067",160.1,0.85,2021-03-01,"NC"
"1068",122.1,1.02,2021-04-01,"NC"
"1069",121.1,0.92,2021-05-01,"NC"
"1070",42.4,0.81,2021-06-01,"NC"
"1071",19.9,1.12,2021-07-01,"NC"
"1072",161.2,1.31,2021-08-01,"NC"
"1073",463.7,1.03,2021-09-01,"NC"
"1074",294.6,0.85,2021-10-01,"NC"
"1075",126.1,0.91,2021-11-01,"NC"
"1076",110.3,1.15,2021-12-01,"NC"
"1077",736.7,1.45,2022-01-01,"NC"
"1078",1200.2,0.67,2022-02-01,"NC"
"1079",186.5,0.71,2022-03-01,"NC"
"1080",56.9,0.84,2022-04-01,"NC"
"1081",113,1.19,2022-05-01,"NC"
"1082",264.2,1.01,2022-06-01,"NC"
"1083",227.2,1.05,2022-07-01,"NC"
"1084",321.8,1.01,2022-08-01,"NC"
"1085",206.9,0.95,2022-09-01,"NC"
"1086",136.6,0.84,2022-10-01,"NC"
"1087",82.7,1.03,2022-11-01,"NC"
"1088",71.7,1.14,2022-12-01,"NC"
"1089",204.9,1.28,2023-01-01,"NC"
"1090",126.3,0.93,2023-02-01,"NC"
"1091",72.7,0.83,2023-03-01,"NC"
"1092",39.3,1.05,2023-04-01,"NC"
"1093",13.4,1.21,2020-04-01,"ND"
"1094",47.1,1.04,2020-05-01,"ND"
"1095",31.5,0.84,2020-06-01,"ND"
"1096",33.3,1.2,2020-07-01,"ND"
"1097",113.6,1.04,2020-08-01,"ND"
"1098",232.4,1.1,2020-09-01,"ND"
"1099",363.1,1.1,2020-10-01,"ND"
"1100",961.1,1.14,2020-11-01,"ND"
"1101",689.4,0.77,2020-12-01,"ND"
"1102",203.1,0.93,2021-01-01,"ND"
"1103",106.2,0.83,2021-02-01,"ND"
"1104",70.9,0.98,2021-03-01,"ND"
"1105",144.5,1.08,2021-04-01,"ND"
"1106",129,0.92,2021-05-01,"ND"
"1107",32.8,0.82,2021-06-01,"ND"
"1108",11.9,0.92,2021-07-01,"ND"
"1109",58.7,1.34,2021-08-01,"ND"
"1110",300.1,1.16,2021-09-01,"ND"
"1111",558.5,1.04,2021-10-01,"ND"
"1112",465.7,1,2021-11-01,"ND"
"1113",411.3,0.96,2021-12-01,"ND"
"1114",428.7,1.39,2022-01-01,"ND"
"1115",1443.7,0.73,2022-02-01,"ND"
"1116",140.1,0.62,2022-03-01,"ND"
"1117",24.7,1.01,2022-04-01,"ND"
"1118",56.9,1.2,2022-05-01,"ND"
"1119",114,1.07,2022-06-01,"ND"
"1120",178.2,1.08,2022-07-01,"ND"
"1121",273.3,1.01,2022-08-01,"ND"
"1122",156.1,0.89,2022-09-01,"ND"
"1123",130.8,0.98,2022-10-01,"ND"
"1124",123.1,1.03,2022-11-01,"ND"
"1125",137.1,1.06,2022-12-01,"ND"
"1126",69.7,0.9,2023-01-01,"ND"
"1127",107.6,1.1,2023-02-01,"ND"
"1128",98.4,0.94,2023-03-01,"ND"
"1129",62.6,1.2,2023-04-01,"ND"
"1130",0.1,1.11,2020-03-01,"NE"
"1131",8.5,1.54,2020-04-01,"NE"
"1132",122.2,1.2,2020-05-01,"NE"
"1133",102.9,0.9,2020-06-01,"NE"
"1134",57.1,1.04,2020-07-01,"NE"
"1135",102.3,1.02,2020-08-01,"NE"
"1136",113.5,1.06,2020-09-01,"NE"
"1137",178.6,1.13,2020-10-01,"NE"
"1138",404.1,1.22,2020-11-01,"NE"
"1139",665.2,0.91,2020-12-01,"NE"
"1140",341.6,0.99,2021-01-01,"NE"
"1141",168.6,0.83,2021-02-01,"NE"
"1142",100.1,0.96,2021-03-01,"NE"
"1143",134.6,1.09,2021-04-01,"NE"
"1144",75.1,0.84,2021-05-01,"NE"
"1145",18.8,0.76,2021-06-01,"NE"
"1146",14.3,1.18,2021-07-01,"NE"
"1147",88.7,1.24,2021-08-01,"NE"
"1148",262.8,1.07,2021-09-01,"NE"
"1149",238,0.96,2021-10-01,"NE"
"1150",229.9,1.1,2021-11-01,"NE"
"1151",302.6,1.06,2021-12-01,"NE"
"1152",454.4,1.38,2022-01-01,"NE"
"1153",819.2,0.59,2022-02-01,"NE"
"1154",34.1,0.65,2022-03-01,"NE"
"1155",0,0.97,2022-04-01,"NE"
"1156",40,1.15,2022-05-01,"NE"
"1157",114.9,1.13,2022-06-01,"NE"
"1158",179.6,1.1,2022-07-01,"NE"
"1159",197.5,0.95,2022-08-01,"NE"
"1160",148.2,0.93,2022-09-01,"NE"
"1161",62.5,0.88,2022-10-01,"NE"
"1162",0,1.16,2022-11-01,"NE"
"1163",114.5,1.17,2022-12-01,"NE"
"1164",87.9,0.79,2023-01-01,"NE"
"1165",41.9,1.02,2023-02-01,"NE"
"1166",72.2,1.02,2023-03-01,"NE"
"1167",65.4,0.9,2023-04-01,"NE"
"1168",20.4,1.34,2020-04-01,"NH"
"1169",43.4,1.08,2020-05-01,"NH"
"1170",35.9,0.9,2020-06-01,"NH"
"1171",15,0.91,2020-07-01,"NH"
"1172",14.6,0.98,2020-08-01,"NH"
"1173",10.8,1.12,2020-09-01,"NH"
"1174",20.1,1.19,2020-10-01,"NH"
"1175",65.2,1.26,2020-11-01,"NH"
"1176",248.9,1.19,2020-12-01,"NH"
"1177",381.6,1.02,2021-01-01,"NH"
"1178",242,0.82,2021-02-01,"NH"
"1179",141.4,0.91,2021-03-01,"NH"
"1180",183.9,1.08,2021-04-01,"NH"
"1181",119.2,0.82,2021-05-01,"NH"
"1182",24.9,0.68,2021-06-01,"NH"
"1183",9.9,1,2021-07-01,"NH"
"1184",46.7,1.37,2021-08-01,"NH"
"1185",157.2,1.09,2021-09-01,"NH"
"1186",243.4,1.04,2021-10-01,"NH"
"1187",0,1.12,2021-11-01,"NH"
"1188",505.4,1.1,2021-12-01,"NH"
"1189",660.4,1.23,2022-01-01,"NH"
"1190",835.1,0.72,2022-02-01,"NH"
"1191",244.6,0.62,2022-03-01,"NH"
"1192",66.3,1.11,2022-04-01,"NH"
"1193",192.4,1.14,2022-05-01,"NH"
"1194",184.4,0.8,2022-06-01,"NH"
"1195",113,1.04,2022-07-01,"NH"
"1196",112.8,0.99,2022-08-01,"NH"
"1197",93.5,1,2022-09-01,"NH"
"1198",104.6,1.01,2022-10-01,"NH"
"1199",95.8,0.87,2022-11-01,"NH"
"1200",75.1,1.13,2022-12-01,"NH"
"1201",117.1,1.03,2023-01-01,"NH"
"1202",54.9,1,2023-02-01,"NH"
"1203",76,0.93,2023-03-01,"NH"
"1204",32.7,0.94,2023-04-01,"NH"
"1205",0,0,2020-03-01,"NJ"
"1206",201,1.43,2020-04-01,"NJ"
"1207",213.8,0.82,2020-05-01,"NJ"
"1208",65.6,0.78,2020-06-01,"NJ"
"1209",22.7,0.98,2020-07-01,"NJ"
"1210",35.2,1.03,2020-08-01,"NJ"
"1211",25,1.05,2020-09-01,"NJ"
"1212",48.8,1.14,2020-10-01,"NJ"
"1213",125.7,1.23,2020-11-01,"NJ"
"1214",316,1.06,2020-12-01,"NJ"
"1215",315.6,1.09,2021-01-01,"NJ"
"1216",376,0.89,2021-02-01,"NJ"
"1217",263.3,1.03,2021-03-01,"NJ"
"1218",366.4,0.98,2021-04-01,"NJ"
"1219",152.6,0.65,2021-05-01,"NJ"
"1220",21.5,0.85,2021-06-01,"NJ"
"1221",17.1,1.04,2021-07-01,"NJ"
"1222",74,1.22,2021-08-01,"NJ"
"1223",161.5,1.02,2021-09-01,"NJ"
"1224",139.5,0.93,2021-10-01,"NJ"
"1225",104.7,1.03,2021-11-01,"NJ"
"1226",197.4,1.21,2021-12-01,"NJ"
"1227",1878.9,1.21,2022-01-01,"NJ"
"1228",417.1,0.58,2022-02-01,"NJ"
"1229",96.9,0.86,2022-03-01,"NJ"
"1230",88.4,1.15,2022-04-01,"NJ"
"1231",214.7,1.17,2022-05-01,"NJ"
"1232",311.3,0.9,2022-06-01,"NJ"
"1233",243.5,1.04,2022-07-01,"NJ"
"1234",280.3,0.94,2022-08-01,"NJ"
"1235",166.2,0.93,2022-09-01,"NJ"
"1236",170.5,0.94,2022-10-01,"NJ"
"1237",156.8,0.99,2022-11-01,"NJ"
"1238",153.9,1.11,2022-12-01,"NJ"
"1239",226.2,1.03,2023-01-01,"NJ"
"1240",150.3,0.94,2023-02-01,"NJ"
"1241",77.2,0.85,2023-03-01,"NJ"
"1242",45.1,1.17,2023-04-01,"NJ"
"1243",11.9,1.48,2020-04-01,"NM"
"1244",47.2,1.09,2020-05-01,"NM"
"1245",36.9,1.01,2020-06-01,"NM"
"1246",61.3,1.15,2020-07-01,"NM"
"1247",95.8,0.87,2020-08-01,"NM"
"1248",44.1,0.92,2020-09-01,"NM"
"1249",68.5,1.26,2020-10-01,"NM"
"1250",256.1,1.17,2020-11-01,"NM"
"1251",628.2,0.94,2020-12-01,"NM"
"1252",358.6,0.99,2021-01-01,"NM"
"1253",231.5,0.83,2021-02-01,"NM"
"1254",108.4,0.89,2021-03-01,"NM"
"1255",69.4,0.99,2021-04-01,"NM"
"1256",72.4,1.01,2021-05-01,"NM"
"1257",35.6,0.84,2021-06-01,"NM"
"1258",19.7,1.01,2021-07-01,"NM"
"1259",106.1,1.3,2021-08-01,"NM"
"1260",279,0.96,2021-09-01,"NM"
"1261",239.7,1.03,2021-10-01,"NM"
"1262",315.9,1.12,2021-11-01,"NM"
"1263",378.5,1.02,2021-12-01,"NM"
"1264",458.1,1.34,2022-01-01,"NM"
"1265",1235.4,0.71,2022-02-01,"NM"
"1266",140.3,0.68,2022-03-01,"NM"
"1267",34.6,0.96,2022-04-01,"NM"
"1268",66.1,1.15,2022-05-01,"NM"
"1269",206.5,1.14,2022-06-01,"NM"
"1270",306.1,0.99,2022-07-01,"NM"
"1271",301.2,0.92,2022-08-01,"NM"
"1272",149.4,0.81,2022-09-01,"NM"
"1273",72.8,1.02,2022-10-01,"NM"
"1274",146.5,1.14,2022-11-01,"NM"
"1275",203.3,0.98,2022-12-01,"NM"
"1276",89.7,0.91,2023-01-01,"NM"
"1277",48.8,0.98,2023-02-01,"NM"
"1278",56.7,1.02,2023-03-01,"NM"
"1279",64.6,1.29,2023-04-01,"NM"
"1280",0,0,2020-03-01,"NV"
"1281",28.4,1.29,2020-04-01,"NV"
"1282",27.6,0.95,2020-05-01,"NV"
"1283",24.1,1.12,2020-06-01,"NV"
"1284",152.3,1.21,2020-07-01,"NV"
"1285",234.2,0.93,2020-08-01,"NV"
"1286",103.7,0.84,2020-09-01,"NV"
"1287",102.9,1.11,2020-10-01,"NV"
"1288",188.2,1.17,2020-11-01,"NV"
"1289",478.5,1.06,2020-12-01,"NV"
"1290",421.1,1.01,2021-01-01,"NV"
"1291",234.5,0.81,2021-02-01,"NV"
"1292",92.5,0.95,2021-03-01,"NV"
"1293",62.8,1.05,2021-04-01,"NV"
"1294",83.9,0.99,2021-05-01,"NV"
"1295",40.3,1.01,2021-06-01,"NV"
"1296",111.8,1.14,2021-07-01,"NV"
"1297",241.7,1.05,2021-08-01,"NV"
"1298",257,0.99,2021-09-01,"NV"
"1299",189.4,0.92,2021-10-01,"NV"
"1300",140.5,1.04,2021-11-01,"NV"
"1301",120.4,1.05,2021-12-01,"NV"
"1302",533.5,1.43,2022-01-01,"NV"
"1303",814.3,0.62,2022-02-01,"NV"
"1304",182.8,0.85,2022-03-01,"NV"
"1305",35.4,1.01,2022-04-01,"NV"
"1306",69,1.19,2022-05-01,"NV"
"1307",145.3,1.14,2022-06-01,"NV"
"1308",244.6,1.02,2022-07-01,"NV"
"1309",114.3,0.91,2022-08-01,"NV"
"1310",71,0.88,2022-09-01,"NV"
"1311",31.4,0.91,2022-10-01,"NV"
"1312",64.5,1.24,2022-11-01,"NV"
"1313",95.3,1.15,2022-12-01,"NV"
"1314",65.8,0.86,2023-01-01,"NV"
"1315",37.6,0.93,2023-02-01,"NV"
"1316",33.9,1.02,2023-03-01,"NV"
"1317",35.4,1.04,2023-04-01,"NV"
"1318",0,0,2020-03-01,"NY"
"1319",263.4,1.26,2020-04-01,"NY"
"1320",192,0.74,2020-05-01,"NY"
"1321",45.7,0.82,2020-06-01,"NY"
"1322",22.3,1,2020-07-01,"NY"
"1323",23.5,0.98,2020-08-01,"NY"
"1324",24.4,1.04,2020-09-01,"NY"
"1325",37,1.15,2020-10-01,"NY"
"1326",73.4,1.21,2020-11-01,"NY"
"1327",248.2,1.16,2020-12-01,"NY"
"1328",447,1.1,2021-01-01,"NY"
"1329",417.3,0.88,2021-02-01,"NY"
"1330",269,0.98,2021-03-01,"NY"
"1331",293.9,1.02,2021-04-01,"NY"
"1332",128.1,0.79,2021-05-01,"NY"
"1333",29.2,0.73,2021-06-01,"NY"
"1334",11.8,1.11,2021-07-01,"NY"
"1335",82,1.27,2021-08-01,"NY"
"1336",174.5,1.01,2021-09-01,"NY"
"1337",177.2,0.98,2021-10-01,"NY"
"1338",139.7,1.05,2021-11-01,"NY"
"1339",240.8,1.14,2021-12-01,"NY"
"1340",2126.5,1.2,2022-01-01,"NY"
"1341",417.9,0.58,2022-02-01,"NY"
"1342",71.5,0.83,2022-03-01,"NY"
"1343",116.3,1.18,2022-04-01,"NY"
"1344",258.7,1.11,2022-05-01,"NY"
"1345",255.4,0.89,2022-06-01,"NY"
"1346",212.3,1.07,2022-07-01,"NY"
"1347",243.8,0.95,2022-08-01,"NY"
"1348",155.8,0.94,2022-09-01,"NY"
"1349",164.3,0.96,2022-10-01,"NY"
"1350",158.9,1,2022-11-01,"NY"
"1351",203.8,1.13,2022-12-01,"NY"
"1352",194,0.97,2023-01-01,"NY"
"1353",124.9,0.9,2023-02-01,"NY"
"1354",57,0.85,2023-03-01,"NY"
"1355",38.2,1.12,2023-04-01,"NY"
"1356",15.7,1.4,2020-04-01,"OH"
"1357",30.6,0.96,2020-05-01,"OH"
"1358",30,0.92,2020-06-01,"OH"
"1359",52.2,1.18,2020-07-01,"OH"
"1360",76.2,0.95,2020-08-01,"OH"
"1361",69.4,1.02,2020-09-01,"OH"
"1362",64.8,1.11,2020-10-01,"OH"
"1363",178.7,1.24,2020-11-01,"OH"
"1364",497.8,1.04,2020-12-01,"OH"
"1365",413.8,1,2021-01-01,"OH"
"1366",260.3,0.83,2021-02-01,"OH"
"1367",115.5,0.9,2021-03-01,"OH"
"1368",118.7,1.06,2021-04-01,"OH"
"1369",90.6,0.9,2021-05-01,"OH"
"1370",33.9,0.76,2021-06-01,"OH"
"1371",16.3,1.01,2021-07-01,"OH"
"1372",68.7,1.3,2021-08-01,"OH"
"1373",303.9,1.17,2021-09-01,"OH"
"1374",340.8,0.93,2021-10-01,"OH"
"1375",202.1,1.04,2021-11-01,"OH"
"1376",333.9,1.11,2021-12-01,"OH"
"1377",970.6,1.16,2022-01-01,"OH"
"1378",571.4,0.57,2022-02-01,"OH"
"1379",68,0.72,2022-03-01,"OH"
"1380",27.4,1.06,2022-04-01,"OH"
"1381",83.1,1.2,2022-05-01,"OH"
"1382",152.4,0.98,2022-06-01,"OH"
"1383",149.3,1.05,2022-07-01,"OH"
"1384",245.4,1,2022-08-01,"OH"
"1385",216.3,0.98,2022-09-01,"OH"
"1386",98.4,0.86,2022-10-01,"OH"
"1387",103.4,1.01,2022-11-01,"OH"
"1388",120.5,1.12,2022-12-01,"OH"
"1389",114.7,0.91,2023-01-01,"OH"
"1390",70.5,1,2023-02-01,"OH"
"1391",79.5,0.99,2023-03-01,"OH"
"1392",41.8,1.39,2023-04-01,"OH"
"1393",14,1.41,2020-04-01,"OK"
"1394",15.9,1.01,2020-05-01,"OK"
"1395",12.2,1.08,2020-06-01,"OK"
"1396",65.8,1.17,2020-07-01,"OK"
"1397",192.7,0.98,2020-08-01,"OK"
"1398",132.1,1.06,2020-09-01,"OK"
"1399",180.1,1.01,2020-10-01,"OK"
"1400",186.4,1.11,2020-11-01,"OK"
"1401",476.9,1.01,2020-12-01,"OK"
"1402",479.3,1.06,2021-01-01,"OK"
"1403",404.7,0.87,2021-02-01,"OK"
"1404",127.2,0.85,2021-03-01,"OK"
"1405",57.4,0.95,2021-04-01,"OK"
"1406",43,0.92,2021-05-01,"OK"
"1407",21.9,0.96,2021-06-01,"OK"
"1408",37,1.2,2021-07-01,"OK"
"1409",271.5,1.2,2021-08-01,"OK"
"1410",494.7,1,2021-09-01,"OK"
"1411",273.6,0.88,2021-10-01,"OK"
"1412",142.3,0.9,2021-11-01,"OK"
"1413",133.7,1.14,2021-12-01,"OK"
"1414",410.4,1.47,2022-01-01,"OK"
"1415",1427.3,0.6,2022-02-01,"OK"
"1416",149.5,0.79,2022-03-01,"OK"
"1417",48.9,0.88,2022-04-01,"OK"
"1418",38.6,1.02,2022-05-01,"OK"
"1419",62.2,1.2,2022-06-01,"OK"
"1420",190,1.14,2022-07-01,"OK"
"1421",305.2,0.99,2022-08-01,"OK"
"1422",269.1,0.94,2022-09-01,"OK"
"1423",89.8,0.82,2022-10-01,"OK"
"1424",67.9,1.1,2022-11-01,"OK"
"1425",156.1,1.21,2022-12-01,"OK"
"1426",146.4,0.98,2023-01-01,"OK"
"1427",113,0.93,2023-02-01,"OK"
"1428",73.9,1.01,2023-03-01,"OK"
"1429",59.6,2.2,2023-04-01,"OK"
"1430",0.1,1.34,2020-03-01,"OR"
"1431",11.2,1.23,2020-04-01,"OR"
"1432",9.5,1.05,2020-05-01,"OR"
"1433",8.4,1.24,2020-06-01,"OR"
"1434",36.9,1.13,2020-07-01,"OR"
"1435",55.1,0.97,2020-08-01,"OR"
"1436",36.7,0.94,2020-09-01,"OR"
"1437",47.3,1.08,2020-10-01,"OR"
"1438",78.7,1.21,2020-11-01,"OR"
"1439",220.9,1.06,2020-12-01,"OR"
"1440",178.9,1,2021-01-01,"OR"
"1441",113.5,0.89,2021-02-01,"OR"
"1442",64.8,0.91,2021-03-01,"OR"
"1443",62.7,1.14,2021-04-01,"OR"
"1444",134.9,0.98,2021-05-01,"OR"
"1445",54.4,0.85,2021-06-01,"OR"
"1446",30.4,0.95,2021-07-01,"OR"
"1447",132.6,1.32,2021-08-01,"OR"
"1448",377.5,0.98,2021-09-01,"OR"
"1449",254.1,0.93,2021-10-01,"OR"
"1450",186.8,0.94,2021-11-01,"OR"
"1451",111.7,1.03,2021-12-01,"OR"
"1452",325.9,1.54,2022-01-01,"OR"
"1453",987.5,0.75,2022-02-01,"OR"
"1454",126.2,0.66,2022-03-01,"OR"
"1455",41.8,1.1,2022-04-01,"OR"
"1456",164.5,1.17,2022-05-01,"OR"
"1457",238.9,0.99,2022-06-01,"OR"
"1458",258.3,0.99,2022-07-01,"OR"
"1459",180.7,0.93,2022-08-01,"OR"
"1460",92.8,0.9,2022-09-01,"OR"
"1461",100.9,1,2022-10-01,"OR"
"1462",58.7,0.99,2022-11-01,"OR"
"1463",94.8,1.06,2022-12-01,"OR"
"1464",64.4,0.92,2023-01-01,"OR"
"1465",60.8,1.05,2023-02-01,"OR"
"1466",50.5,0.92,2023-03-01,"OR"
"1467",35.9,1.08,2023-04-01,"OR"
"1468",36.4,1.57,2020-04-01,"PA"
"1469",73.9,0.92,2020-05-01,"PA"
"1470",34.2,0.87,2020-06-01,"PA"
"1471",31.9,1.12,2020-07-01,"PA"
"1472",49.6,0.96,2020-08-01,"PA"
"1473",37.4,1.04,2020-09-01,"PA"
"1474",48.1,1.11,2020-10-01,"PA"
"1475",123,1.21,2020-11-01,"PA"
"1476",359.9,1.13,2020-12-01,"PA"
"1477",393.3,0.97,2021-01-01,"PA"
"1478",298.8,0.88,2021-02-01,"PA"
"1479",142.8,0.97,2021-03-01,"PA"
"1480",224.6,1.09,2021-04-01,"PA"
"1481",180.1,0.84,2021-05-01,"PA"
"1482",42.4,0.71,2021-06-01,"PA"
"1483",9.6,0.95,2021-07-01,"PA"
"1484",49.9,1.32,2021-08-01,"PA"
"1485",175.8,1.11,2021-09-01,"PA"
"1486",253.6,1.01,2021-10-01,"PA"
"1487",214.3,1.04,2021-11-01,"PA"
"1488",312.4,1.09,2021-12-01,"PA"
"1489",874.6,1.27,2022-01-01,"PA"
"1490",576.5,0.68,2022-02-01,"PA"
"1491",91.7,0.69,2022-03-01,"PA"
"1492",32.7,1.08,2022-04-01,"PA"
"1493",105.4,1.13,2022-05-01,"PA"
"1494",194.2,0.9,2022-06-01,"PA"
"1495",132.3,1.03,2022-07-01,"PA"
"1496",192.9,1.02,2022-08-01,"PA"
"1497",123.7,0.99,2022-09-01,"PA"
"1498",115.6,0.91,2022-10-01,"PA"
"1499",99.2,0.99,2022-11-01,"PA"
"1500",84.3,1.08,2022-12-01,"PA"
"1501",100.8,1.02,2023-01-01,"PA"
"1502",80.2,0.99,2023-02-01,"PA"
"1503",67.8,0.89,2023-03-01,"PA"
"1504",34.9,1.07,2023-04-01,"PA"
"1505",0,0,2020-03-01,"PR"
"1506",7.4,1.49,2020-04-01,"PR"
"1507",9.3,0.99,2020-05-01,"PR"
"1508",19.2,1.12,2020-06-01,"PR"
"1509",22.5,1.12,2020-07-01,"PR"
"1510",104.3,1.1,2020-08-01,"PR"
"1511",84.6,0.89,2020-09-01,"PR"
"1512",163.6,0.93,2020-10-01,"PR"
"1513",130.2,1,2020-11-01,"PR"
"1514",149.4,1.03,2020-12-01,"PR"
"1515",176.3,0.94,2021-01-01,"PR"
"1516",82.7,0.82,2021-02-01,"PR"
"1517",41.6,0.95,2021-03-01,"PR"
"1518",78.4,1.31,2021-04-01,"PR"
"1519",141.1,0.71,2021-05-01,"PR"
"1520",21.1,0.71,2021-06-01,"PR"
"1521",8,1.15,2021-07-01,"PR"
"1522",96.4,1.29,2021-08-01,"PR"
"1523",159.2,0.83,2021-09-01,"PR"
"1524",39.4,0.79,2021-10-01,"PR"
"1525",20.8,1.03,2021-11-01,"PR"
"1526",18.5,1.11,2021-12-01,"PR"
"1527",1880.5,1.26,2022-01-01,"PR"
"1528",408.1,0.54,2022-02-01,"PR"
"1529",49.7,0.76,2022-03-01,"PR"
"1530",80.7,1.31,2022-04-01,"PR"
"1531",810,1.16,2022-05-01,"PR"
"1532",806.8,0.94,2022-06-01,"PR"
"1533",693.2,0.94,2022-07-01,"PR"
"1534",547,1.02,2022-08-01,"PR"
"1535",423.6,0.89,2022-09-01,"PR"
"1536",237.4,1,2022-10-01,"PR"
"1537",212.8,1.01,2022-11-01,"PR"
"1538",226.8,1.11,2022-12-01,"PR"
"1539",242.5,0.94,2023-01-01,"PR"
"1540",182.8,0.86,2023-02-01,"PR"
"1541",86.6,0.9,2023-03-01,"PR"
"1542",70.9,0.97,2023-04-01,"PR"
"1543",0,0,2020-03-01,"RI"
"1544",41,1.68,2020-04-01,"RI"
"1545",213.6,0.91,2020-05-01,"RI"
"1546",80.6,0.77,2020-06-01,"RI"
"1547",23.3,0.99,2020-07-01,"RI"
"1548",73.2,1.06,2020-08-01,"RI"
"1549",59.5,0.98,2020-09-01,"RI"
"1550",80.7,1.13,2020-10-01,"RI"
"1551",281.6,1.19,2020-11-01,"RI"
"1552",0,1.09,2020-12-01,"RI"
"1553",601.5,1.08,2021-01-01,"RI"
"1554",396.7,0.84,2021-02-01,"RI"
"1555",246.2,1,2021-03-01,"RI"
"1556",241.5,1.02,2021-04-01,"RI"
"1557",171,0.81,2021-05-01,"RI"
"1558",32.3,0.69,2021-06-01,"RI"
"1559",11,1,2021-07-01,"RI"
"1560",96.9,1.31,2021-08-01,"RI"
"1561",190.8,1.03,2021-09-01,"RI"
"1562",190.6,0.93,2021-10-01,"RI"
"1563",141.8,1.07,2021-11-01,"RI"
"1564",394.6,1.22,2021-12-01,"RI"
"1565",1666.7,1.38,2022-01-01,"RI"
"1566",968.5,0.57,2022-02-01,"RI"
"1567",120.6,0.81,2022-03-01,"RI"
"1568",126.1,1.15,2022-04-01,"RI"
"1569",335,1.18,2022-05-01,"RI"
"1570",331.7,0.84,2022-06-01,"RI"
"1571",183.5,0.97,2022-07-01,"RI"
"1572",186,0.88,2022-08-01,"RI"
"1573",188.5,1.01,2022-09-01,"RI"
"1574",176,1,2022-10-01,"RI"
"1575",126,0.93,2022-11-01,"RI"
"1576",88.2,1.09,2022-12-01,"RI"
"1577",215.3,1.22,2023-01-01,"RI"
"1578",154.2,0.91,2023-02-01,"RI"
"1579",77.3,0.87,2023-03-01,"RI"
"1580",24.8,0.99,2023-04-01,"RI"
"1581",0,0,2020-03-01,"SC"
"1582",16.9,1.37,2020-04-01,"SC"
"1583",23.1,1,2020-05-01,"SC"
"1584",38.3,1.27,2020-06-01,"SC"
"1585",194.7,1.16,2020-07-01,"SC"
"1586",205.7,0.88,2020-08-01,"SC"
"1587",123.5,1.03,2020-09-01,"SC"
"1588",109.1,0.99,2020-10-01,"SC"
"1589",142.7,1.06,2020-11-01,"SC"
"1590",188,1.16,2020-12-01,"SC"
"1591",449.7,1.12,2021-01-01,"SC"
"1592",475.8,0.91,2021-02-01,"SC"
"1593",240.6,0.8,2021-03-01,"SC"
"1594",144.2,0.96,2021-04-01,"SC"
"1595",103.5,0.9,2021-05-01,"SC"
"1596",36.3,0.7,2021-06-01,"SC"
"1597",19.2,1.28,2021-07-01,"SC"
"1598",241.2,1.34,2021-08-01,"SC"
"1599",733,1.05,2021-09-01,"SC"
"1600",364.5,0.81,2021-10-01,"SC"
"1601",113.7,0.89,2021-11-01,"SC"
"1602",82.3,1.12,2021-12-01,"SC"
"1603",670.6,1.59,2022-01-01,"SC"
"1604",1424.9,0.67,2022-02-01,"SC"
"1605",106,0.52,2022-03-01,"SC"
"1606",24.4,1,2022-04-01,"SC"
"1607",54.6,1.29,2022-05-01,"SC"
"1608",156.4,1.11,2022-06-01,"SC"
"1609",222.3,1.08,2022-07-01,"SC"
"1610",255.6,1.05,2022-08-01,"SC"
"1611",248.8,1,2022-09-01,"SC"
"1612",85.3,0.82,2022-10-01,"SC"
"1613",67.3,1.04,2022-11-01,"SC"
"1614",79.7,1.2,2022-12-01,"SC"
"1615",183.2,1.07,2023-01-01,"SC"
"1616",114.4,0.89,2023-02-01,"SC"
"1617",126.6,0.91,2023-03-01,"SC"
"1618",35,1.18,2023-04-01,"SC"
"1619",9.9,1.71,2020-04-01,"SD"
"1620",54.8,1,2020-05-01,"SD"
"1621",50.6,0.96,2020-06-01,"SD"
"1622",46,1.01,2020-07-01,"SD"
"1623",63.5,1.09,2020-08-01,"SD"
"1624",220.9,1.13,2020-09-01,"SD"
"1625",343.5,1.14,2020-10-01,"SD"
"1626",918,1.12,2020-11-01,"SD"
"1627",684.2,0.89,2020-12-01,"SD"
"1628",309.9,0.95,2021-01-01,"SD"
"1629",128.3,0.86,2021-02-01,"SD"
"1630",128.4,1.01,2021-03-01,"SD"
"1631",154.3,1,2021-04-01,"SD"
"1632",79.4,0.8,2021-05-01,"SD"
"1633",21,0.7,2021-06-01,"SD"
"1634",9.4,0.95,2021-07-01,"SD"
"1635",37.3,1.39,2021-08-01,"SD"
"1636",335.8,1.11,2021-09-01,"SD"
"1637",302.3,0.93,2021-10-01,"SD"
"1638",258,1.03,2021-11-01,"SD"
"1639",322.4,1.05,2021-12-01,"SD"
"1640",413.9,1.42,2022-01-01,"SD"
"1641",768.3,0.62,2022-02-01,"SD"
"1642",106.3,0.58,2022-03-01,"SD"
"1643",16.9,0.94,2022-04-01,"SD"
"1644",37.5,1.23,2022-05-01,"SD"
"1645",73.8,1.15,2022-06-01,"SD"
"1646",139.4,1.08,2022-07-01,"SD"
"1647",175.5,0.99,2022-08-01,"SD"
"1648",140.7,0.91,2022-09-01,"SD"
"1649",88.1,0.92,2022-10-01,"SD"
"1650",92.2,1.07,2022-11-01,"SD"
"1651",124.9,1.04,2022-12-01,"SD"
"1652",53.5,0.93,2023-01-01,"SD"
"1653",84.4,1.15,2023-02-01,"SD"
"1654",94.7,0.91,2023-03-01,"SD"
"1655",57.9,0.81,2023-04-01,"SD"
"1656",0,0,2020-03-01,"TN"
"1657",27.6,1.27,2020-04-01,"TN"
"1658",0,1.04,2020-05-01,"TN"
"1659",43.6,1.07,2020-06-01,"TN"
"1660",110.4,1.24,2020-07-01,"TN"
"1661",248.9,0.95,2020-08-01,"TN"
"1662",157.7,0.98,2020-09-01,"TN"
"1663",138.8,1.06,2020-10-01,"TN"
"1664",207.2,1.09,2020-11-01,"TN"
"1665",482.1,1.13,2020-12-01,"TN"
"1666",581.7,0.95,2021-01-01,"TN"
"1667",285.6,0.86,2021-02-01,"TN"
"1668",132.9,0.94,2021-03-01,"TN"
"1669",114.1,0.98,2021-04-01,"TN"
"1670",92.2,0.91,2021-05-01,"TN"
"1671",24.3,0.75,2021-06-01,"TN"
"1672",10.7,1.34,2021-07-01,"TN"
"1673",203.7,1.32,2021-08-01,"TN"
"1674",817.5,1.07,2021-09-01,"TN"
"1675",319.8,0.78,2021-10-01,"TN"
"1676",107.3,0.93,2021-11-01,"TN"
"1677",123,1.12,2021-12-01,"TN"
"1678",823,1.38,2022-01-01,"TN"
"1679",1344.2,0.78,2022-02-01,"TN"
"1680",153.8,0.59,2022-03-01,"TN"
"1681",23,0.94,2022-04-01,"TN"
"1682",48.8,1.19,2022-05-01,"TN"
"1683",143.3,1.09,2022-06-01,"TN"
"1684",236.2,1.07,2022-07-01,"TN"
"1685",272,0.98,2022-08-01,"TN"
"1686",162,0.98,2022-09-01,"TN"
"1687",90.9,0.88,2022-10-01,"TN"
"1688",97.6,1.16,2022-11-01,"TN"
"1689",84.8,1.08,2022-12-01,"TN"
"1690",0,1.07,2023-01-01,"TN"
"1691",126,0.82,2023-02-01,"TN"
"1692",90.6,0.87,2023-03-01,"TN"
"1693",57.2,1.11,2023-04-01,"TN"
"1694",0,1.52,2020-03-01,"TX"
"1695",11.3,1.46,2020-04-01,"TX"
"1696",23.1,1.09,2020-05-01,"TX"
"1697",33.1,1.15,2020-06-01,"TX"
"1698",150.1,1.2,2020-07-01,"TX"
"1699",195.3,0.95,2020-08-01,"TX"
"1700",109.8,0.9,2020-09-01,"TX"
"1701",102.4,1.03,2020-10-01,"TX"
"1702",162.8,1.13,2020-11-01,"TX"
"1703",244.6,1.05,2020-12-01,"TX"
"1704",402.4,1.11,2021-01-01,"TX"
"1705",0,0.85,2021-02-01,"TX"
"1706",185.1,0.93,2021-03-01,"TX"
"1707",88.2,0.97,2021-04-01,"TX"
"1708",79.3,0.91,2021-05-01,"TX"
"1709",23.1,0.89,2021-06-01,"TX"
"1710",35.3,1.15,2021-07-01,"TX"
"1711",222.8,1.25,2021-08-01,"TX"
"1712",411.8,1.02,2021-09-01,"TX"
"1713",241.7,0.83,2021-10-01,"TX"
"1714",92.3,0.9,2021-11-01,"TX"
"1715",77.9,1.07,2021-12-01,"TX"
"1716",314.2,1.48,2022-01-01,"TX"
"1717",816.1,0.68,2022-02-01,"TX"
"1718",104.5,0.77,2022-03-01,"TX"
"1719",69.3,0.86,2022-04-01,"TX"
"1720",54.7,1.06,2022-05-01,"TX"
"1721",122.1,1.14,2022-06-01,"TX"
"1722",259.2,1.06,2022-07-01,"TX"
"1723",265.5,0.95,2022-08-01,"TX"
"1724",198.2,0.93,2022-09-01,"TX"
"1725",63.6,0.83,2022-10-01,"TX"
"1726",40.4,0.99,2022-11-01,"TX"
"1727",67.8,1.22,2022-12-01,"TX"
"1728",127.8,1.05,2023-01-01,"TX"
"1729",77.7,0.92,2023-02-01,"TX"
"1730",72.7,0.9,2023-03-01,"TX"
"1731",40.4,1.34,2023-04-01,"TX"
"1732",0,1.2,2020-03-01,"UT"
"1733",20.8,1.29,2020-04-01,"UT"
"1734",32.7,1.04,2020-05-01,"UT"
"1735",46.9,1.2,2020-06-01,"UT"
"1736",123.2,1.07,2020-07-01,"UT"
"1737",97.7,0.9,2020-08-01,"UT"
"1738",82.2,1.06,2020-09-01,"UT"
"1739",216.2,1.08,2020-10-01,"UT"
"1740",357.4,1.17,2020-11-01,"UT"
"1741",503.4,0.98,2020-12-01,"UT"
"1742",525.5,1.07,2021-01-01,"UT"
"1743",310.1,0.84,2021-02-01,"UT"
"1744",137.8,0.88,2021-03-01,"UT"
"1745",91.3,0.97,2021-04-01,"UT"
"1746",80.6,0.96,2021-05-01,"UT"
"1747",45.9,0.99,2021-06-01,"UT"
"1748",83.3,1.1,2021-07-01,"UT"
"1749",182.3,1.09,2021-08-01,"UT"
"1750",281.1,1.08,2021-09-01,"UT"
"1751",296.8,0.98,2021-10-01,"UT"
"1752",328.6,1.02,2021-11-01,"UT"
"1753",261.6,0.96,2021-12-01,"UT"
"1754",572.8,1.53,2022-01-01,"UT"
"1755",1054.6,0.57,2022-02-01,"UT"
"1756",88.6,0.6,2022-03-01,"UT"
"1757",22.7,0.9,2022-04-01,"UT"
"1758",73.4,1.3,2022-05-01,"UT"
"1759",178.2,1.09,2022-06-01,"UT"
"1760",228.4,1.04,2022-07-01,"UT"
"1761",170.3,0.89,2022-08-01,"UT"
"1762",92,0.91,2022-09-01,"UT"
"1763",57.4,0.93,2022-10-01,"UT"
"1764",75.7,1.13,2022-11-01,"UT"
"1765",136.4,1.03,2022-12-01,"UT"
"1766",69.8,0.91,2023-01-01,"UT"
"1767",39.1,1.01,2023-02-01,"UT"
"1768",52.9,0.99,2023-03-01,"UT"
"1769",31.7,1.19,2023-04-01,"UT"
"1770",13.1,1.54,2020-04-01,"VA"
"1771",62.2,1.11,2020-05-01,"VA"
"1772",89.9,0.92,2020-06-01,"VA"
"1773",43.2,1.07,2020-07-01,"VA"
"1774",84.3,1.01,2020-08-01,"VA"
"1775",81.8,1.02,2020-09-01,"VA"
"1776",61.3,1.02,2020-10-01,"VA"
"1777",105.7,1.09,2020-11-01,"VA"
"1778",193.1,1.12,2020-12-01,"VA"
"1779",313.7,1.08,2021-01-01,"VA"
"1780",340,0.86,2021-02-01,"VA"
"1781",139.5,0.87,2021-03-01,"VA"
"1782",123.5,1.01,2021-04-01,"VA"
"1783",84.7,0.84,2021-05-01,"VA"
"1784",21.5,0.77,2021-06-01,"VA"
"1785",14.5,1.13,2021-07-01,"VA"
"1786",84.3,1.31,2021-08-01,"VA"
"1787",260.1,1.08,2021-09-01,"VA"
"1788",228,0.91,2021-10-01,"VA"
"1789",108.9,0.93,2021-11-01,"VA"
"1790",127,1.14,2021-12-01,"VA"
"1791",903,1.31,2022-01-01,"VA"
"1792",699.6,0.72,2022-02-01,"VA"
"1793",124.7,0.75,2022-03-01,"VA"
"1794",54.7,1.03,2022-04-01,"VA"
"1795",126.3,1.19,2022-05-01,"VA"
"1796",235.6,0.97,2022-06-01,"VA"
"1797",230.3,1.03,2022-07-01,"VA"
"1798",243.5,0.97,2022-08-01,"VA"
"1799",201.6,0.92,2022-09-01,"VA"
"1800",96.8,0.94,2022-10-01,"VA"
"1801",91.3,0.99,2022-11-01,"VA"
"1802",97.1,1.15,2022-12-01,"VA"
"1803",185.3,1.01,2023-01-01,"VA"
"1804",110.7,0.92,2023-02-01,"VA"
"1805",57.6,0.84,2023-03-01,"VA"
"1806",34.7,1.19,2023-04-01,"VA"
"1807",31.7,1.23,2020-04-01,"VT"
"1808",8.3,0.69,2020-05-01,"VT"
"1809",3.4,1.12,2020-06-01,"VT"
"1810",4.2,0.87,2020-07-01,"VT"
"1811",4,0.8,2020-08-01,"VT"
"1812",10.1,0.78,2020-09-01,"VT"
"1813",5,1.07,2020-10-01,"VT"
"1814",19.7,1.27,2020-11-01,"VT"
"1815",76.4,1.06,2020-12-01,"VT"
"1816",108.5,1.14,2021-01-01,"VT"
"1817",147.1,0.96,2021-02-01,"VT"
"1818",108.3,1.01,2021-03-01,"VT"
"1819",209.6,1.03,2021-04-01,"VT"
"1820",88.6,0.87,2021-05-01,"VT"
"1821",14.1,0.61,2021-06-01,"VT"
"1822",4.3,0.92,2021-07-01,"VT"
"1823",42.4,1.39,2021-08-01,"VT"
"1824",167.3,1.07,2021-09-01,"VT"
"1825",199,1,2021-10-01,"VT"
"1826",217.6,1.11,2021-11-01,"VT"
"1827",383,1.11,2021-12-01,"VT"
"1828",775.1,1.36,2022-01-01,"VT"
"1829",760.4,0.65,2022-02-01,"VT"
"1830",196.6,0.85,2022-03-01,"VT"
"1831",152.4,1.09,2022-04-01,"VT"
"1832",356.4,1.04,2022-05-01,"VT"
"1833",227,0.91,2022-06-01,"VT"
"1834",94.9,0.93,2022-07-01,"VT"
"1835",74.4,1.02,2022-08-01,"VT"
"1836",83.9,0.98,2022-09-01,"VT"
"1837",91.6,1.04,2022-10-01,"VT"
"1838",83.2,0.91,2022-11-01,"VT"
"1839",56.2,1.08,2022-12-01,"VT"
"1840",30.8,0.91,2023-01-01,"VT"
"1841",76.6,0.97,2023-02-01,"VT"
"1842",55.6,0.91,2023-03-01,"VT"
"1843",36.1,0.82,2023-04-01,"VT"
"1844",0,1,2020-02-01,"WA"
"1845",0.2,1.99,2020-03-01,"WA"
"1846",39.4,1.12,2020-04-01,"WA"
"1847",25.4,1.01,2020-05-01,"WA"
"1848",26.4,1.08,2020-06-01,"WA"
"1849",50.7,1.14,2020-07-01,"WA"
"1850",75.7,0.94,2020-08-01,"WA"
"1851",45,0.93,2020-09-01,"WA"
"1852",46.9,1.06,2020-10-01,"WA"
"1853",76.7,1.21,2020-11-01,"WA"
"1854",219.8,1.06,2020-12-01,"WA"
"1855",182.5,1.03,2021-01-01,"WA"
"1856",147.3,0.86,2021-02-01,"WA"
"1857",71.1,0.94,2021-03-01,"WA"
"1858",88.6,1.1,2021-04-01,"WA"
"1859",126.8,0.98,2021-05-01,"WA"
"1860",84.4,0.87,2021-06-01,"WA"
"1861",33.2,0.99,2021-07-01,"WA"
"1862",90.3,1.27,2021-08-01,"WA"
"1863",318.6,1.01,2021-09-01,"WA"
"1864",267.6,0.94,2021-10-01,"WA"
"1865",189.4,0.94,2021-11-01,"WA"
"1866",98,1.02,2021-12-01,"WA"
"1867",540.8,1.44,2022-01-01,"WA"
"1868",1625.8,0.67,2022-02-01,"WA"
"1869",159,0.86,2022-03-01,"WA"
"1870",68.7,1,2022-04-01,"WA"
"1871",240.1,1.15,2022-05-01,"WA"
"1872",230.6,0.98,2022-06-01,"WA"
"1873",256.9,1,2022-07-01,"WA"
"1874",194.4,0.93,2022-08-01,"WA"
"1875",107.2,0.9,2022-09-01,"WA"
"1876",102.1,0.93,2022-10-01,"WA"
"1877",58.5,0.96,2022-11-01,"WA"
"1878",0,1.07,2022-12-01,"WA"
"1879",71.3,0.95,2023-01-01,"WA"
"1880",64.1,1.06,2023-02-01,"WA"
"1881",59,0.85,2023-03-01,"WA"
"1882",45.1,0.97,2023-04-01,"WA"
"1883",0,1.23,2020-03-01,"WI"
"1884",16,1.24,2020-04-01,"WI"
"1885",34.5,1.14,2020-05-01,"WI"
"1886",51,0.95,2020-06-01,"WI"
"1887",62.8,1.18,2020-07-01,"WI"
"1888",108.7,0.97,2020-08-01,"WI"
"1889",89.9,1.1,2020-09-01,"WI"
"1890",299.4,1.09,2020-10-01,"WI"
"1891",558.3,1.13,2020-11-01,"WI"
"1892",513.9,0.9,2020-12-01,"WI"
"1893",295,1,2021-01-01,"WI"
"1894",179.4,0.83,2021-02-01,"WI"
"1895",85.7,0.92,2021-03-01,"WI"
"1896",82.2,1.09,2021-04-01,"WI"
"1897",89.5,0.93,2021-05-01,"WI"
"1898",25,0.71,2021-06-01,"WI"
"1899",9.5,1.1,2021-07-01,"WI"
"1900",100.5,1.33,2021-08-01,"WI"
"1901",237.5,1.06,2021-09-01,"WI"
"1902",350.1,0.98,2021-10-01,"WI"
"1903",261,1.07,2021-11-01,"WI"
"1904",391.1,1.06,2021-12-01,"WI"
"1905",672.3,1.29,2022-01-01,"WI"
"1906",744,0.62,2022-02-01,"WI"
"1907",85.7,0.68,2022-03-01,"WI"
"1908",50.7,1.1,2022-04-01,"WI"
"1909",161.9,1.22,2022-05-01,"WI"
"1910",223.2,0.95,2022-06-01,"WI"
"1911",180,1,2022-07-01,"WI"
"1912",238.3,0.98,2022-08-01,"WI"
"1913",164,0.91,2022-09-01,"WI"
"1914",114.9,0.97,2022-10-01,"WI"
"1915",123.8,0.98,2022-11-01,"WI"
"1916",122.3,1.08,2022-12-01,"WI"
"1917",113.5,0.92,2023-01-01,"WI"
"1918",74.5,0.99,2023-02-01,"WI"
"1919",74.8,0.98,2023-03-01,"WI"
"1920",73,1.21,2023-04-01,"WI"
"1921",7.8,1.35,2020-04-01,"WV"
"1922",7.9,0.89,2020-05-01,"WV"
"1923",13.7,0.86,2020-06-01,"WV"
"1924",19.5,1.32,2020-07-01,"WV"
"1925",51,0.99,2020-08-01,"WV"
"1926",62,1.13,2020-09-01,"WV"
"1927",73.5,1.03,2020-10-01,"WV"
"1928",166.1,1.2,2020-11-01,"WV"
"1929",375.8,1.07,2020-12-01,"WV"
"1930",501.3,1.03,2021-01-01,"WV"
"1931",311.7,0.81,2021-02-01,"WV"
"1932",122.4,0.94,2021-03-01,"WV"
"1933",166.4,1.02,2021-04-01,"WV"
"1934",135.6,0.97,2021-05-01,"WV"
"1935",70.9,0.78,2021-06-01,"WV"
"1936",19.7,0.95,2021-07-01,"WV"
"1937",83,1.33,2021-08-01,"WV"
"1938",516.1,1.17,2021-09-01,"WV"
"1939",582.3,0.89,2021-10-01,"WV"
"1940",314.3,0.94,2021-11-01,"WV"
"1941",281.2,1.11,2021-12-01,"WV"
"1942",668.7,1.35,2022-01-01,"WV"
"1943",1334.1,0.8,2022-02-01,"WV"
"1944",281.6,0.71,2022-03-01,"WV"
"1945",35.4,0.79,2022-04-01,"WV"
"1946",82.5,1.24,2022-05-01,"WV"
"1947",222.2,0.99,2022-06-01,"WV"
"1948",220.5,1.07,2022-07-01,"WV"
"1949",355,1,2022-08-01,"WV"
"1950",351.5,0.99,2022-09-01,"WV"
"1951",125.5,0.82,2022-10-01,"WV"
"1952",96.3,0.99,2022-11-01,"WV"
"1953",95,1.11,2022-12-01,"WV"
"1954",163.4,1.03,2023-01-01,"WV"
"1955",105.8,0.98,2023-02-01,"WV"
"1956",95.2,1,2023-03-01,"WV"
"1957",61.1,1.14,2023-04-01,"WV"
"1958",15.4,1.16,2020-04-01,"WY"
"1959",16.1,0.92,2020-05-01,"WY"
"1960",11.6,0.9,2020-06-01,"WY"
"1961",40.1,1.09,2020-07-01,"WY"
"1962",55.8,0.95,2020-08-01,"WY"
"1963",40.1,1,2020-09-01,"WY"
"1964",134.4,1.18,2020-10-01,"WY"
"1965",463.4,1.2,2020-11-01,"WY"
"1966",664.5,0.86,2020-12-01,"WY"
"1967",260.2,1.01,2021-01-01,"WY"
"1968",171.9,0.76,2021-02-01,"WY"
"1969",98.7,0.91,2021-03-01,"WY"
"1970",81,0.99,2021-04-01,"WY"
"1971",78.6,1.03,2021-05-01,"WY"
"1972",85.4,0.98,2021-06-01,"WY"
"1973",87.4,1.06,2021-07-01,"WY"
"1974",167.5,1.23,2021-08-01,"WY"
"1975",601.1,1.08,2021-09-01,"WY"
"1976",570.7,0.95,2021-10-01,"WY"
"1977",438.7,0.92,2021-11-01,"WY"
"1978",174.7,0.9,2021-12-01,"WY"
"1979",295,1.5,2022-01-01,"WY"
"1980",1355.3,0.73,2022-02-01,"WY"
"1981",109.7,0.61,2022-03-01,"WY"
"1982",19.2,0.84,2022-04-01,"WY"
"1983",31.9,1.2,2022-05-01,"WY"
"1984",121,1.34,2022-06-01,"WY"
"1985",196.3,0.97,2022-07-01,"WY"
"1986",224.6,0.95,2022-08-01,"WY"
"1987",98.7,0.85,2022-09-01,"WY"
"1988",78.1,0.98,2022-10-01,"WY"
"1989",72.9,1.04,2022-11-01,"WY"
"1990",99.6,1.05,2022-12-01,"WY"
"1991",50.7,0.91,2023-01-01,"WY"
"1992",100.3,1.41,2023-02-01,"WY"
"1993",56.4,0.93,2023-03-01,"WY"
"1994",29.7,0.92,2023-04-01,"WY"
